# ************************************************************
# Sequel Pro SQL dump
# Version 4541
#
# http://www.sequelpro.com/
# https://github.com/sequelpro/sequelpro
#
# Host: big-shop.cj170fycavad.us-east-1.rds.amazonaws.com (MySQL 5.7.38-log)
# Database: bigshop
# Generation Time: 2023-06-20 23:45:02 +0000
# ************************************************************


/*!40101 SET @OLD_CHARACTER_SET_CLIENT=@@CHARACTER_SET_CLIENT */;
/*!40101 SET @OLD_CHARACTER_SET_RESULTS=@@CHARACTER_SET_RESULTS */;
/*!40101 SET @OLD_COLLATION_CONNECTION=@@COLLATION_CONNECTION */;
/*!40101 SET NAMES utf8 */;
/*!40014 SET @OLD_FOREIGN_KEY_CHECKS=@@FOREIGN_KEY_CHECKS, FOREIGN_KEY_CHECKS=0 */;
/*!40101 SET @OLD_SQL_MODE=@@SQL_MODE, SQL_MODE='NO_AUTO_VALUE_ON_ZERO' */;
/*!40111 SET @OLD_SQL_NOTES=@@SQL_NOTES, SQL_NOTES=0 */;


# Dump of table account
# ------------------------------------------------------------

DROP TABLE IF EXISTS `account`;

CREATE TABLE `account` (
  `id` int(11) NOT NULL AUTO_INCREMENT COMMENT 'primary key',
  `created_at` datetime NOT NULL DEFAULT CURRENT_TIMESTAMP,
  `updated_at` datetime NOT NULL DEFAULT CURRENT_TIMESTAMP ON UPDATE CURRENT_TIMESTAMP,
  PRIMARY KEY (`id`)
) ENGINE=InnoDB DEFAULT CHARSET=utf8;

LOCK TABLES `account` WRITE;
/*!40000 ALTER TABLE `account` DISABLE KEYS */;

INSERT INTO `account` (`id`, `created_at`, `updated_at`)
VALUES
	(1,'2021-12-19 16:54:41','2021-12-19 16:54:41'),
	(2,'2021-12-19 17:09:02','2021-12-19 17:09:02'),
	(3,'2021-12-21 11:52:45','2021-12-21 11:52:45'),
	(4,'2022-03-30 16:21:29','2022-03-30 16:21:29'),
	(5,'2022-03-30 16:30:08','2022-03-30 16:30:08'),
	(6,'2022-06-24 10:58:10','2022-06-24 10:58:10');

/*!40000 ALTER TABLE `account` ENABLE KEYS */;
UNLOCK TABLES;


# Dump of table account_user
# ------------------------------------------------------------

DROP TABLE IF EXISTS `account_user`;

CREATE TABLE `account_user` (
  `user_id` varchar(255) NOT NULL COMMENT 'auth0 id',
  `account_id` int(11) NOT NULL COMMENT 'account id',
  `created_at` datetime NOT NULL DEFAULT CURRENT_TIMESTAMP,
  `updated_at` datetime NOT NULL DEFAULT CURRENT_TIMESTAMP ON UPDATE CURRENT_TIMESTAMP,
  `enabled` tinyint(1) DEFAULT '1',
  PRIMARY KEY (`user_id`,`account_id`),
  KEY `fk_account_user_account_id` (`account_id`),
  CONSTRAINT `fk_account_user_account_id` FOREIGN KEY (`account_id`) REFERENCES `account` (`id`),
  CONSTRAINT `fk_account_user_user_id` FOREIGN KEY (`user_id`) REFERENCES `user` (`id`)
) ENGINE=InnoDB DEFAULT CHARSET=utf8;

LOCK TABLES `account_user` WRITE;
/*!40000 ALTER TABLE `account_user` DISABLE KEYS */;

INSERT INTO `account_user` (`user_id`, `account_id`, `created_at`, `updated_at`, `enabled`)
VALUES
	('google-oauth2|100071246725222895078',1,'2021-12-19 17:09:02','2023-06-18 14:37:59',1),
	('google-oauth2|100337785987015262344',2,'2021-12-19 16:54:47','2023-06-18 14:38:21',1),
	('google-oauth2|109240573072311791298',5,'2022-03-30 16:30:08','2022-03-30 16:30:08',1),
	('google-oauth2|110874430016251422659',1,'2021-12-21 11:57:01','2021-12-21 11:57:01',1),
	('google-oauth2|110874430016251422659',3,'2021-12-21 11:52:45','2021-12-21 11:57:01',0),
	('google-oauth2|115467646032264669493',4,'2022-03-30 16:21:29','2022-03-30 16:21:29',1),
	('google-oauth2|118216079355181164196',6,'2022-06-24 10:58:10','2022-06-24 10:58:10',1);

/*!40000 ALTER TABLE `account_user` ENABLE KEYS */;
UNLOCK TABLES;


# Dump of table department
# ------------------------------------------------------------

DROP TABLE IF EXISTS `department`;

CREATE TABLE `department` (
  `id` int(11) NOT NULL AUTO_INCREMENT COMMENT 'primary key',
  `name` varchar(255) NOT NULL,
  `created_at` datetime NOT NULL DEFAULT CURRENT_TIMESTAMP,
  `updated_at` datetime NOT NULL DEFAULT CURRENT_TIMESTAMP ON UPDATE CURRENT_TIMESTAMP,
  PRIMARY KEY (`id`),
  UNIQUE KEY `name` (`name`)
) ENGINE=InnoDB DEFAULT CHARSET=utf8;

LOCK TABLES `department` WRITE;
/*!40000 ALTER TABLE `department` DISABLE KEYS */;

INSERT INTO `department` (`id`, `name`, `created_at`, `updated_at`)
VALUES
	(1,'vegetables','2021-02-04 22:47:13','2021-02-04 22:47:13'),
	(2,'meat and fish','2021-02-04 22:47:13','2021-02-04 22:47:13'),
	(3,'other','2021-02-04 22:47:13','2021-02-04 22:47:13');

/*!40000 ALTER TABLE `department` ENABLE KEYS */;
UNLOCK TABLES;


# Dump of table ingredient
# ------------------------------------------------------------

DROP TABLE IF EXISTS `ingredient`;

CREATE TABLE `ingredient` (
  `id` int(11) NOT NULL AUTO_INCREMENT COMMENT 'primary key',
  `name` varchar(255) NOT NULL,
  `created_at` datetime NOT NULL DEFAULT CURRENT_TIMESTAMP,
  `updated_at` datetime NOT NULL DEFAULT CURRENT_TIMESTAMP ON UPDATE CURRENT_TIMESTAMP,
  PRIMARY KEY (`id`),
  UNIQUE KEY `name` (`name`),
  UNIQUE KEY `name_2` (`name`)
) ENGINE=InnoDB DEFAULT CHARSET=latin1;

LOCK TABLES `ingredient` WRITE;
/*!40000 ALTER TABLE `ingredient` DISABLE KEYS */;

INSERT INTO `ingredient` (`id`, `name`, `created_at`, `updated_at`)
VALUES
	(1,'potato','2020-06-07 15:29:47','2020-06-07 15:29:47'),
	(2,'Beef Mince','2020-06-07 15:41:38','2022-04-02 22:31:51'),
	(3,'lemon','2020-06-07 15:41:55','2020-06-07 15:41:55'),
	(4,'onion','2020-06-08 20:32:48','2020-06-08 20:32:48'),
	(5,'carrot','2020-06-08 20:32:55','2020-06-08 20:32:55'),
	(7,'Worcestershire Sauce','2020-06-08 20:33:20','2020-06-08 20:33:20'),
	(8,'Tomato Puree','2020-06-08 20:33:28','2020-06-08 20:33:28'),
	(9,'Thyme','2020-06-08 20:33:37','2020-06-08 20:33:37'),
	(10,'Rosemary','2020-06-08 20:33:43','2020-06-08 20:33:43'),
	(11,'Chicken Stock','2020-06-08 20:33:49','2020-06-08 20:33:49'),
	(12,'Spaghetti','2020-06-08 22:54:31','2020-06-08 22:54:31'),
	(14,'Mixed herbs','2020-06-08 22:54:55','2020-06-08 22:54:55'),
	(15,'Beef Stock','2020-06-08 22:55:10','2020-06-08 22:55:10'),
	(16,'Parmesan','2020-06-08 22:55:20','2020-06-08 22:55:20'),
	(17,'Mushrooms','2020-06-08 22:58:40','2020-06-08 22:58:40'),
	(18,'Egg','2020-06-14 21:46:57','2020-06-14 21:46:57'),
	(19,'Fish Mix','2020-06-14 21:46:57','2020-06-14 21:46:57'),
	(21,'Pork mince','2020-06-14 22:38:06','2020-06-14 22:38:06'),
	(22,'Chorizo','2020-06-14 22:38:06','2020-06-14 22:38:06'),
	(23,'Water Biscuits','2020-06-14 22:38:06','2020-06-14 22:38:06'),
	(24,'Gherkins','2020-06-14 22:38:06','2020-06-14 22:38:06'),
	(25,'Mayonnaise','2020-06-14 22:38:06','2020-06-14 22:38:06'),
	(26,'Sriracha Sauce','2020-06-14 22:38:06','2020-06-14 22:38:06'),
	(47,'Garlic Clove','2020-06-20 12:12:15','2020-06-20 12:12:15'),
	(48,'Pancetta','2020-06-20 12:12:15','2020-06-20 12:12:15'),
	(49,'Haricot Beans','2020-06-20 12:12:15','2020-06-20 12:12:15'),
	(50,'Curly Pasta','2020-06-20 12:12:15','2020-06-20 12:12:15'),
	(51,'Curly Kale','2020-06-20 12:12:15','2020-06-20 12:12:15'),
	(52,'Parsley','2020-06-20 12:12:15','2020-06-20 12:12:15'),
	(57,'White Bread','2020-06-20 12:17:37','2020-06-20 12:17:37'),
	(59,'Flour','2020-06-20 12:17:37','2020-06-20 12:17:37'),
	(60,'Bay Leaf','2020-06-20 12:17:37','2020-06-20 12:17:37'),
	(69,'Beef Joint','2020-06-20 12:22:39','2020-06-20 12:22:39'),
	(70,'Cabbage','2020-06-20 12:22:39','2020-06-20 12:22:39'),
	(72,'Shallot','2020-06-20 12:22:39','2020-06-20 12:22:39'),
	(73,'Plain Flour','2020-06-20 12:22:39','2020-06-20 12:22:39'),
	(74,'Almond Milk','2020-06-20 12:22:39','2020-06-20 12:22:39'),
	(80,'Sausage','2020-06-20 12:26:17','2020-06-20 12:26:17'),
	(81,'White Wine','2020-06-20 12:26:17','2020-06-20 12:26:17'),
	(82,'New Potato','2020-06-20 12:26:17','2020-06-20 12:26:17'),
	(83,'Peas','2020-06-20 12:26:17','2020-06-20 12:26:17'),
	(89,'Cumin Seeds','2020-06-20 12:30:52','2020-06-20 12:30:52'),
	(90,'Mustard Seeds','2020-06-20 12:30:52','2020-06-20 12:30:52'),
	(91,'Asafetida','2020-06-20 12:30:52','2020-06-20 12:30:52'),
	(92,'Cauliflower','2020-06-20 12:30:52','2020-06-20 12:30:52'),
	(93,'Turmeric','2020-06-20 12:30:52','2020-06-20 12:30:52'),
	(94,'Ground Coriander','2020-06-20 12:30:52','2020-06-20 12:30:52'),
	(95,'Sugar','2020-06-20 12:30:52','2020-06-20 12:30:52'),
	(96,'Tomato','2020-06-20 12:30:52','2020-06-20 12:30:52'),
	(97,'Coriander','2020-06-20 12:30:52','2020-06-20 12:30:52'),
	(98,'Green Chilli','2020-06-20 12:30:52','2020-06-20 12:30:52'),
	(99,'Ginger','2020-06-20 12:30:52','2020-06-20 12:30:52'),
	(101,'Basmati Rice','2020-06-20 12:32:28','2020-06-20 12:32:28'),
	(114,'Arborio Rice','2020-06-20 13:20:14','2020-06-20 13:20:14'),
	(123,'Ground Cumin','2020-06-20 13:27:01','2020-06-20 13:27:01'),
	(124,'Chilli Powder','2020-06-20 13:27:01','2020-06-20 13:27:01'),
	(125,'Cayenne Powder','2020-06-20 13:27:01','2020-06-20 13:27:01'),
	(126,'Garlic Powder','2020-06-20 13:27:01','2020-06-20 13:27:01'),
	(127,'Onion Powder','2020-06-20 13:27:01','2020-06-20 13:27:01'),
	(128,'Salt','2020-06-20 13:27:01','2020-06-20 13:27:01'),
	(129,'Kidney beans','2020-06-20 13:27:01','2020-06-20 13:27:01'),
	(137,'Diced Lamb','2020-06-21 22:48:36','2020-06-21 22:48:36'),
	(138,'Curry Leaves','2020-06-21 22:48:36','2020-06-21 22:48:36'),
	(139,'Chicken Breast','2020-06-27 23:14:03','2020-06-27 23:14:03'),
	(141,'Leek','2020-07-05 11:44:07','2020-07-05 11:44:07'),
	(142,'Nutmeg','2020-07-05 11:44:07','2020-07-05 11:44:07'),
	(143,'Shortcrust Pastry','2020-07-05 11:44:07','2020-07-05 11:44:07'),
	(144,'Margarine','2020-07-05 11:44:07','2020-07-05 11:44:07'),
	(154,'Duck Breast','2020-07-05 11:47:16','2020-07-05 11:47:16'),
	(155,'Savoy Cabbage','2020-07-05 11:47:16','2020-07-05 11:47:16'),
	(156,'Bacon Rashers','2020-07-05 11:47:16','2020-07-05 11:47:16'),
	(158,'Chopped Tomatoes','2020-07-05 16:33:18','2020-07-05 16:33:18'),
	(159,'Fresh Pasta','2020-07-11 10:50:47','2020-07-11 10:50:47'),
	(160,'Red Chilli','2020-07-11 10:50:47','2020-07-11 10:50:47'),
	(167,'Salmon','2020-07-11 11:50:29','2020-07-11 11:50:29'),
	(168,'Spring Onions','2020-07-11 11:50:29','2020-07-11 11:50:29'),
	(169,'Red Pepper','2020-07-11 11:50:29','2020-07-11 11:50:29'),
	(170,'Breadcrumbs','2020-07-11 11:50:29','2020-07-11 11:50:29'),
	(171,'Salad','2020-07-11 11:50:29','2020-07-11 11:50:29'),
	(174,'Cinnamon Stick','2020-07-11 12:01:48','2020-07-11 12:01:48'),
	(175,'Cardamom Pod','2020-07-11 12:01:48','2020-07-11 12:01:48'),
	(176,'Clove','2020-07-11 12:01:48','2020-07-11 12:01:48'),
	(177,'Single Cream','2020-07-11 12:01:48','2020-07-11 12:01:48'),
	(215,'Tuna','2020-07-19 12:50:59','2020-07-19 12:50:59'),
	(216,'Lettuce','2020-07-19 12:50:59','2020-07-19 12:50:59'),
	(217,'Anchovies','2020-07-19 12:50:59','2020-07-19 12:50:59'),
	(218,'Plum Tomato','2020-07-19 12:50:59','2020-07-19 12:50:59'),
	(219,'Salad Dressing','2020-07-19 12:50:59','2020-07-19 12:50:59'),
	(222,'Paella Rice','2020-07-19 12:56:18','2020-07-19 12:56:18'),
	(223,'Paprika','2020-07-19 12:56:18','2020-07-19 12:56:18'),
	(224,'Saffron','2020-07-19 12:56:18','2020-07-19 12:56:18'),
	(225,'Chilli Flakes','2020-07-19 12:56:18','2020-07-19 12:56:18'),
	(226,'Prawns','2020-07-19 12:56:18','2020-07-19 12:56:18'),
	(235,'Green beans','2020-07-19 12:58:03','2020-07-19 12:58:03'),
	(238,'Radish','2020-07-26 10:57:54','2020-07-26 10:57:54'),
	(239,'Cucumber','2020-07-26 10:57:54','2020-07-26 10:57:54'),
	(248,'Soy Sauce','2020-07-26 11:02:20','2020-07-26 11:02:20'),
	(249,'Honey','2020-07-26 11:02:20','2020-07-26 11:02:20'),
	(250,'Hoisin Sauce','2020-07-26 11:02:20','2020-07-26 11:02:20'),
	(259,'Sesame Seeds','2020-07-26 11:02:56','2020-07-26 11:02:56'),
	(271,'Lamb Mince','2020-07-26 11:13:05','2020-07-26 11:13:05'),
	(272,'Ground Cinnamon','2020-07-26 11:13:05','2020-07-26 11:13:05'),
	(273,'Red Onion','2020-07-26 11:13:05','2020-07-26 11:13:05'),
	(274,'Pomegranate Seeds','2020-07-26 11:13:05','2020-07-26 11:13:05'),
	(275,'Mint','2020-07-26 11:13:05','2020-07-26 11:13:05'),
	(288,'Chicken Thighs (Boneless)','2020-07-26 11:28:38','2020-07-26 11:28:38'),
	(289,'Yoghurt','2020-07-26 11:28:38','2020-07-26 11:28:38'),
	(290,'Gram Flour','2020-07-26 11:28:38','2020-07-26 11:28:38'),
	(291,'Garam Masala','2020-07-26 11:28:38','2020-07-26 11:28:38'),
	(292,'Chaat Masala','2020-07-26 11:28:38','2020-07-26 11:28:38'),
	(293,'Double Cream','2020-07-26 11:28:38','2020-07-26 11:28:38'),
	(309,'Lamb Rack','2020-07-26 11:33:39','2020-07-26 11:33:39'),
	(316,'Cheese','2020-07-26 11:39:12','2020-07-26 11:39:12'),
	(317,'Cornflour','2020-07-26 11:39:12','2020-07-26 11:39:12'),
	(318,'Sliced Almonds','2020-07-26 11:39:12','2020-07-26 11:39:12'),
	(322,'Egg Whites','2020-07-26 11:40:53','2020-07-26 11:40:53'),
	(323,'Caster Sugar','2020-07-26 11:40:53','2020-07-26 11:40:53'),
	(324,'Icing Sugar','2020-07-26 11:40:53','2020-07-26 11:40:53'),
	(325,'Ground Almonds','2020-07-26 11:40:53','2020-07-26 11:40:53'),
	(326,'Vanilla Extract','2020-07-26 11:40:53','2020-07-26 11:40:53'),
	(328,'Pork Chop','2020-07-26 11:45:29','2020-07-26 11:45:29'),
	(329,'Dijon Mustard','2020-07-26 11:45:29','2020-07-26 11:45:29'),
	(338,'Bread Slices','2020-07-26 11:50:23','2020-07-26 11:50:23'),
	(339,'Gruyere Cheese','2020-07-26 11:50:23','2020-07-26 11:50:23'),
	(340,'King Prawns','2020-07-26 11:50:23','2020-07-26 11:50:23'),
	(341,'Sesame Oil','2020-07-26 11:50:23','2020-07-26 11:50:23'),
	(342,'Basil','2020-07-26 11:50:23','2020-07-26 11:50:23'),
	(343,'Lime','2020-07-26 11:50:23','2020-07-26 11:50:23'),
	(350,'Muscovado Sugar','2020-07-26 11:51:50','2020-07-26 11:51:50'),
	(351,'Golden Syrup','2020-07-26 11:51:50','2020-07-26 11:51:50'),
	(352,'Self Raising Flour','2020-07-26 11:51:50','2020-07-26 11:51:50'),
	(353,'Smarties Tubes','2020-07-26 11:51:50','2020-07-26 11:51:50'),
	(355,'Apples','2020-07-26 11:55:16','2020-07-26 11:55:16'),
	(356,'Brown Sugar','2020-07-26 11:55:16','2020-07-26 11:55:16'),
	(357,'Oats','2020-07-26 11:55:16','2020-07-26 11:55:16'),
	(358,'Demerera Sugar','2020-07-26 11:55:16','2020-07-26 11:55:16'),
	(359,'Custard','2020-07-26 11:55:16','2020-07-26 11:55:16'),
	(364,'Gammon Joint','2020-07-26 11:59:42','2020-07-26 11:59:42'),
	(365,'Cider','2020-07-26 11:59:42','2020-07-26 11:59:42'),
	(369,'Hash Browns','2020-07-26 12:04:11','2020-07-26 12:04:11'),
	(390,'Chipotle Chilli Powder','2020-10-04 11:45:28','2020-10-04 11:45:28'),
	(391,'Liquid Smoke','2020-10-04 11:45:28','2020-10-04 11:45:28'),
	(392,'Tortilla Wraps','2020-10-04 11:45:28','2020-10-04 11:45:28'),
	(400,'Laksa Spice Paste','2020-10-18 11:19:06','2020-10-18 11:19:06'),
	(401,'Coconut Milk','2020-10-18 11:19:06','2020-10-18 11:19:06'),
	(402,'Noodles','2020-10-18 11:19:06','2020-10-18 11:19:06'),
	(404,'Diced Pork Shoulder','2020-10-18 11:34:59','2020-10-18 11:34:59'),
	(405,'Chuck Steak','2020-10-18 11:34:59','2020-10-18 11:34:59'),
	(406,'Nduja','2020-10-18 11:34:59','2020-10-18 11:34:59'),
	(407,'Mozzarella','2020-10-18 11:34:59','2020-10-18 11:34:59'),
	(416,'Rigatoni','2020-10-18 12:00:32','2020-10-18 12:00:32'),
	(426,'OO Flour','2020-10-24 14:34:47','2020-10-24 14:34:47'),
	(433,'Curry powder','2020-10-24 14:50:22','2020-10-24 14:50:22'),
	(434,'White Rice','2020-10-24 14:50:22','2020-10-24 14:50:22'),
	(449,'Celery Stick','2021-01-10 15:25:07','2021-01-10 15:25:07'),
	(450,'Lasagne Sheets','2021-01-10 15:25:07','2021-01-10 15:25:07'),
	(462,'Chicken Leg','2021-01-16 16:59:21','2021-01-16 16:59:21'),
	(463,'Bacon Rashers (Smoked)','2021-01-16 16:59:21','2021-01-16 16:59:21'),
	(464,'Brandy','2021-01-16 16:59:21','2021-01-16 16:59:21'),
	(472,'Egg Yolk','2021-01-16 17:00:27','2021-01-16 17:00:27'),
	(475,'Linguine','2021-01-16 17:04:00','2021-01-16 17:04:00'),
	(476,'Spinach','2021-01-16 17:04:00','2021-01-16 17:04:00'),
	(483,'Burger Bun','2021-01-16 17:06:55','2021-01-16 17:06:55'),
	(514,'White Bread Flour','2021-02-14 14:33:44','2021-02-14 14:33:44'),
	(515,'Instant Yeast','2021-02-14 14:33:44','2021-02-14 14:33:44'),
	(518,'Pepperoni','2021-02-14 15:05:56','2021-02-14 15:05:56'),
	(524,'Whole Chicken','2021-02-28 13:31:21','2021-02-28 13:31:21'),
	(525,'Beetroot','2021-02-28 13:31:21','2021-02-28 13:31:21'),
	(534,'Guacamole','2021-03-13 15:24:58','2021-03-13 15:24:58'),
	(535,'Salsa','2021-03-13 15:24:58','2021-03-13 15:24:58'),
	(562,'White pepper','2021-03-20 13:03:59','2021-03-20 13:03:59'),
	(563,'Furikake Seasoning','2021-03-20 13:03:59','2021-03-20 13:03:59'),
	(564,'Pickle Brine','2021-03-20 13:03:59','2021-03-20 13:03:59'),
	(565,'Gochujang Paste','2021-03-20 13:03:59','2021-03-20 13:03:59'),
	(566,'Pear','2021-03-20 13:03:59','2021-03-20 13:03:59'),
	(616,'Szechuan Pepper','2021-03-20 13:34:42','2021-03-20 13:34:42'),
	(617,'Coriander Seeds','2021-03-20 13:34:42','2021-03-20 13:34:42'),
	(618,'Fennel Seeds','2021-03-20 13:34:42','2021-03-20 13:34:42'),
	(619,'Sweet Potato','2021-03-20 13:34:42','2021-03-20 13:34:42'),
	(620,'Maple Syrup','2021-03-20 13:34:42','2021-03-20 13:34:42'),
	(621,'Hispi Cabbage','2021-03-20 13:34:42','2021-03-20 13:34:42'),
	(622,'White Miso','2021-03-20 13:34:42','2021-03-20 13:34:42'),
	(623,'Rice Vinegar','2021-03-20 13:34:42','2021-03-20 13:34:42'),
	(624,'Tamari Sauce','2021-03-20 13:34:42','2021-03-20 13:34:42'),
	(625,'Mirin','2021-03-20 13:34:42','2021-03-20 13:34:42'),
	(626,'Gochugaru','2021-03-20 13:34:42','2021-03-20 13:34:42'),
	(636,'Strawberry Jam','2021-03-20 13:44:17','2021-03-20 13:44:17'),
	(637,'Strawberries','2021-03-20 13:44:17','2021-03-20 13:44:17'),
	(638,'Apricot Jam','2021-03-20 13:44:17','2021-03-20 13:44:17'),
	(648,'Sticky Rice','2021-03-20 13:47:46','2021-03-20 13:47:46'),
	(649,'Bok Choi','2021-03-20 13:47:46','2021-03-20 13:47:46'),
	(659,'Coconut Cream','2021-04-05 11:46:51','2021-04-05 11:46:51'),
	(660,'Creamed Cocounut','2021-04-05 11:46:51','2021-04-05 11:46:51'),
	(661,'Cashew Nuts','2021-04-05 11:46:51','2021-04-05 11:46:51'),
	(672,'Pork Fillet','2021-04-10 14:47:28','2021-04-10 14:47:28'),
	(673,'Quince Paste','2021-04-10 14:47:28','2021-04-10 14:47:28'),
	(674,'Pine nuts','2021-04-10 14:47:28','2021-04-10 14:47:28'),
	(675,'White Peppercorns','2021-04-10 14:47:28','2021-04-10 14:47:28'),
	(686,'Onion seeds','2021-04-10 14:49:01','2021-04-10 14:49:01'),
	(687,'Streaky Bacon','2021-04-10 14:49:01','2021-04-10 14:49:01'),
	(691,'Mango','2021-04-10 14:51:29','2021-04-10 14:51:29'),
	(692,'Passion Fruit','2021-04-10 14:51:29','2021-04-10 14:51:29'),
	(693,'White Rum','2021-04-10 14:51:29','2021-04-10 14:51:29'),
	(699,'Sirloin Steak','2021-04-10 14:59:52','2021-04-10 14:59:52'),
	(700,'Tenderstem Broccoli','2021-04-10 14:59:52','2021-04-10 14:59:52'),
	(701,'Fish Sauce','2021-04-10 14:59:52','2021-04-10 14:59:52'),
	(709,'Dill','2021-04-18 11:47:50','2021-04-18 11:47:50'),
	(720,'Green onion','2021-04-25 13:03:22','2021-04-25 13:03:22'),
	(725,'Chicken Bones','2021-04-25 13:06:28','2021-04-25 13:06:28'),
	(726,'Parsnip','2021-04-25 13:06:28','2021-04-25 13:06:28'),
	(727,'Swede','2021-04-25 13:06:28','2021-04-25 13:06:28'),
	(728,'Allspice','2021-04-25 13:06:28','2021-04-25 13:06:28'),
	(729,'Peppercorns','2021-04-25 13:06:28','2021-04-25 13:06:28'),
	(736,'Gigantes Beans','2021-06-06 12:36:48','2021-06-06 12:36:48'),
	(746,'Coconut oil','2021-09-18 11:29:15','2021-09-18 11:29:15'),
	(747,'Thai Red Curry Paste','2021-09-18 11:29:15','2021-09-18 11:29:15'),
	(748,'Peanut Butter','2021-09-18 11:29:15','2021-09-18 11:29:15'),
	(749,'Dry Roasted Peanuts','2021-09-18 11:29:15','2021-09-18 11:29:15'),
	(758,'Lemongrass','2021-09-18 11:37:43','2021-09-18 11:37:43'),
	(759,'Kaffir Lime Leaves','2021-09-18 11:37:43','2021-09-18 11:37:43'),
	(760,'Pumpkin','2021-09-18 11:37:43','2021-09-18 11:37:43'),
	(761,'Thai Basil Leaves','2021-09-18 11:37:43','2021-09-18 11:37:43'),
	(774,'Apple Brandy','2021-09-26 15:48:50','2021-09-26 15:48:50'),
	(775,'Coarse Grain Mustard','2021-09-26 15:48:50','2021-09-26 15:48:50'),
	(776,'Sage','2021-09-26 15:48:50','2021-09-26 15:48:50'),
	(777,'Pork Stock','2021-09-26 15:48:50','2021-09-26 15:48:50'),
	(778,'Creme Fraiche','2021-09-26 15:48:50','2021-09-26 15:48:50'),
	(788,'Shaoxing Wine','2021-09-26 15:55:32','2021-09-26 15:55:32'),
	(789,'White Vinegar','2021-09-26 15:55:32','2021-09-26 15:55:32'),
	(790,'Green Pepper','2021-09-26 15:55:32','2021-09-26 15:55:32'),
	(791,'Roasted Peanuts','2021-09-26 15:55:32','2021-09-26 15:55:32'),
	(792,'Dried Red Chillies','2021-09-26 15:55:32','2021-09-26 15:55:32'),
	(805,'Baking Powder','2021-09-26 15:59:01','2021-09-26 15:59:01'),
	(806,'Butter','2021-09-26 15:59:01','2021-09-26 15:59:01'),
	(814,'Cooked Rice','2021-09-26 16:04:10','2021-09-26 16:04:10'),
	(816,'hot chicken stock','2022-03-29 22:43:01','2022-03-29 22:43:01'),
	(822,'Black Pepper','2022-03-30 23:01:16','2022-03-30 23:01:16'),
	(870,'Butter, Unsalted','2022-03-30 23:08:19','2022-03-30 23:08:19'),
	(871,'Fennel Bulb','2022-03-30 23:08:19','2022-03-30 23:08:19'),
	(872,'Celery Rib','2022-03-30 23:08:19','2022-03-30 23:08:19'),
	(873,'Thyme Sprig','2022-03-30 23:08:19','2022-03-30 23:08:19'),
	(874,'tarragon','2022-03-30 23:08:19','2022-03-30 23:08:19'),
	(875,'Baguette','2022-03-30 23:08:19','2022-03-30 23:08:19'),
	(876,'Heavy Cream','2022-03-30 23:08:19','2022-03-30 23:08:19'),
	(909,'olive oil','2022-04-02 15:16:04','2022-04-02 15:16:04'),
	(910,'vegetable oil','2022-04-02 15:16:04','2022-04-02 15:16:04'),
	(911,'Deggi Mirch','2022-04-02 15:16:04','2022-04-02 15:16:04'),
	(920,'white-wine vinegar','2022-04-02 15:19:45','2022-04-02 15:19:45'),
	(921,'jaggery or date palm sugar','2022-04-02 15:19:45','2022-04-02 15:19:45'),
	(933,'Spring roll Wrappers','2022-04-02 15:25:07','2022-04-02 15:25:07'),
	(949,'Lamb Chop','2022-04-02 15:32:05','2022-04-02 15:32:05'),
	(950,'Vinegar','2022-04-02 15:32:05','2022-04-02 15:32:05'),
	(962,'Kabab Masala','2022-04-02 15:37:31','2022-04-02 15:37:31'),
	(972,'Beef Brisket','2022-04-02 15:44:55','2022-04-02 15:44:55'),
	(973,'Orange Juice','2022-04-02 15:44:55','2022-04-02 15:44:55'),
	(974,'Tomatillos','2022-04-02 15:44:55','2022-04-02 15:44:55'),
	(975,'Guajillo Chilli','2022-04-02 15:44:55','2022-04-02 15:44:55'),
	(976,'Arbol Chilli','2022-04-02 15:44:55','2022-04-02 15:44:55'),
	(1008,'Beef Flank Steak','2022-06-01 12:41:20','2022-06-01 12:41:20'),
	(1009,'Oyster sauce','2022-06-01 12:41:20','2022-06-01 12:41:20'),
	(1016,'Shiitake Mushrooms','2022-06-01 12:47:50','2022-06-01 12:47:50'),
	(1017,'Baby Corn','2022-06-01 12:47:50','2022-06-01 12:47:50'),
	(1027,'Pork Belly','2022-06-01 12:55:39','2022-06-01 12:55:39'),
	(1028,'Capers','2022-06-01 12:55:39','2022-06-01 12:55:39'),
	(1029,'White Wine Vinegar','2022-06-01 12:55:39','2022-06-01 12:55:39'),
	(1040,'Cherry Tomato','2022-08-07 10:52:21','2022-08-07 10:52:21'),
	(1041,'garlic cloves','2022-11-20 11:19:28','2022-11-20 11:19:28'),
	(1042,'Italian spiced sausages','2022-11-20 11:19:28','2022-11-20 11:19:28'),
	(1043,'long-grain rice','2022-11-20 11:19:28','2022-11-20 11:19:28'),
	(1044,'tomatoes','2022-11-20 11:19:28','2022-11-20 11:19:28'),
	(1053,'Lamb Shoulder','2022-11-20 12:40:13','2022-11-20 12:40:13'),
	(1054,'Lamb Stock','2022-11-20 12:40:13','2022-11-20 12:40:13'),
	(1055,'walnut halves','2023-03-05 13:36:26','2023-03-05 13:36:26'),
	(1065,'Lamb Meatballs','2023-03-05 13:39:27','2023-03-05 13:39:27'),
	(1066,'yellow peppers','2023-03-05 13:39:27','2023-03-05 13:39:27'),
	(1067,'Chermoula Paste','2023-03-05 13:39:27','2023-03-05 13:39:27'),
	(1068,'couscous','2023-03-05 13:39:27','2023-03-05 13:39:27'),
	(1072,'eggs','2023-03-05 13:42:51','2023-03-05 13:42:51'),
	(1073,'flatbreads','2023-03-05 13:42:51','2023-03-05 13:42:51'),
	(1074,'leftover cooked chicken','2023-03-05 13:42:51','2023-03-05 13:42:51'),
	(1075,'Sri Lankan Curry Paste','2023-03-05 13:42:51','2023-03-05 13:42:51'),
	(1083,'okra','2023-03-05 13:47:44','2023-03-05 13:47:44'),
	(1084,'chickpea  flour or gram flour','2023-03-05 13:47:44','2023-03-05 13:47:44'),
	(1085,'Mango Powder (Amchur)','2023-03-05 13:47:44','2023-03-05 13:47:44'),
	(1097,'Mango Powder Amchur','2023-03-05 13:48:14','2023-03-05 13:48:14'),
	(1111,'Rack of ribs','2023-04-04 09:34:59','2023-04-04 09:34:59'),
	(1112,'cumin','2023-04-04 09:34:59','2023-04-04 09:34:59'),
	(1113,'chili powder','2023-04-04 09:34:59','2023-04-04 09:34:59'),
	(1114,'smoked paprika','2023-04-04 09:34:59','2023-04-04 09:34:59'),
	(1115,'BBQ Sauce ','2023-04-04 09:34:59','2023-04-04 09:34:59'),
	(1119,'French Fries','2023-04-04 09:35:42','2023-04-04 09:35:42'),
	(1131,'Ground Chilli Flakes','2023-04-15 14:52:16','2023-04-15 14:52:16'),
	(1132,'Fenugreek Seeds','2023-04-15 14:52:16','2023-04-15 14:52:16'),
	(1143,'Black Urad Daal','2023-04-15 14:54:29','2023-04-15 14:54:29');

/*!40000 ALTER TABLE `ingredient` ENABLE KEYS */;
UNLOCK TABLES;


# Dump of table ingredient_department
# ------------------------------------------------------------

DROP TABLE IF EXISTS `ingredient_department`;

CREATE TABLE `ingredient_department` (
  `id` int(11) NOT NULL AUTO_INCREMENT COMMENT 'primary key',
  `department_id` int(11) NOT NULL COMMENT 'foreign key into department table',
  `ingredient_id` int(11) NOT NULL COMMENT 'foreign key into ingredient table',
  `created_at` datetime NOT NULL DEFAULT CURRENT_TIMESTAMP,
  `updated_at` datetime NOT NULL DEFAULT CURRENT_TIMESTAMP ON UPDATE CURRENT_TIMESTAMP,
  PRIMARY KEY (`id`),
  KEY `fk_ingredient_department_department_id` (`department_id`),
  KEY `fk_ingredient_department_ingredient_id` (`ingredient_id`),
  CONSTRAINT `fk_ingredient_department_department_id` FOREIGN KEY (`department_id`) REFERENCES `department` (`id`),
  CONSTRAINT `fk_ingredient_department_ingredient_id` FOREIGN KEY (`ingredient_id`) REFERENCES `ingredient` (`id`)
) ENGINE=InnoDB DEFAULT CHARSET=utf8;

LOCK TABLES `ingredient_department` WRITE;
/*!40000 ALTER TABLE `ingredient_department` DISABLE KEYS */;

INSERT INTO `ingredient_department` (`id`, `department_id`, `ingredient_id`, `created_at`, `updated_at`)
VALUES
	(1,1,1,'2021-02-04 22:58:42','2021-02-04 22:58:42'),
	(2,2,2,'2021-02-04 22:58:42','2021-02-04 22:58:42'),
	(3,1,3,'2021-02-04 22:58:42','2021-02-04 22:58:42'),
	(4,1,4,'2021-02-04 22:58:42','2021-02-04 22:58:42'),
	(5,1,5,'2021-02-04 22:58:42','2021-02-04 22:58:42'),
	(6,1,9,'2021-02-04 22:58:42','2021-02-04 22:58:42'),
	(7,1,10,'2021-02-04 22:58:42','2021-02-04 22:58:42'),
	(8,1,17,'2021-02-04 22:58:42','2021-02-04 22:58:42'),
	(9,2,19,'2021-02-04 22:58:42','2021-02-04 22:58:42'),
	(10,2,21,'2021-02-04 22:58:42','2021-02-04 22:58:42'),
	(11,2,22,'2021-02-04 22:58:42','2021-02-04 22:58:42'),
	(12,1,47,'2021-02-04 22:58:42','2021-02-04 22:58:42'),
	(13,2,48,'2021-02-04 22:58:42','2021-02-04 22:58:42'),
	(14,1,51,'2021-02-04 22:58:42','2021-02-04 22:58:42'),
	(15,1,52,'2021-02-04 22:58:42','2021-02-04 22:58:42'),
	(17,2,69,'2021-02-04 22:58:42','2021-02-04 22:58:42'),
	(18,1,70,'2021-02-04 22:58:42','2021-02-04 22:58:42'),
	(20,1,72,'2021-02-04 22:58:42','2021-02-04 22:58:42'),
	(21,2,80,'2021-02-04 22:58:42','2021-02-04 22:58:42'),
	(22,1,82,'2021-02-04 22:58:42','2021-02-04 22:58:42'),
	(23,1,92,'2021-02-04 22:58:42','2021-02-04 22:58:42'),
	(24,1,96,'2021-02-04 22:58:42','2021-02-04 22:58:42'),
	(25,1,97,'2021-02-04 22:58:42','2021-02-04 22:58:42'),
	(26,1,97,'2021-02-04 22:58:42','2021-02-04 22:58:42'),
	(27,1,97,'2021-02-04 22:58:42','2021-02-04 22:58:42'),
	(28,2,137,'2021-02-04 22:58:42','2021-02-04 22:58:42'),
	(29,2,139,'2021-02-04 22:58:42','2021-02-04 22:58:42'),
	(30,1,141,'2021-02-04 22:58:42','2021-02-04 22:58:42'),
	(31,2,154,'2021-02-04 22:58:42','2021-02-04 22:58:42'),
	(32,1,155,'2021-02-04 22:58:42','2021-02-04 22:58:42'),
	(33,2,156,'2021-02-04 22:58:42','2021-02-04 22:58:42'),
	(34,1,160,'2021-02-04 22:58:42','2021-02-04 22:58:42'),
	(35,2,167,'2021-02-04 22:58:42','2021-02-04 22:58:42'),
	(36,1,168,'2021-02-04 22:58:42','2021-02-04 22:58:42'),
	(37,1,169,'2021-02-04 22:58:42','2021-02-04 22:58:42'),
	(38,1,171,'2021-02-04 22:58:42','2021-02-04 22:58:42'),
	(39,2,215,'2021-02-04 22:58:42','2021-02-04 22:58:42'),
	(40,1,216,'2021-02-04 22:58:42','2021-02-04 22:58:42'),
	(41,1,218,'2021-02-04 22:58:42','2021-02-04 22:58:42'),
	(42,2,226,'2021-02-04 22:58:42','2021-02-04 22:58:42'),
	(43,1,235,'2021-02-04 22:58:42','2021-02-04 22:58:42'),
	(44,1,238,'2021-02-04 22:58:42','2021-02-04 22:58:42'),
	(45,1,239,'2021-02-04 22:58:42','2021-02-04 22:58:42'),
	(46,2,271,'2021-02-04 22:58:42','2021-02-04 22:58:42'),
	(47,1,273,'2021-02-04 22:58:42','2021-02-04 22:58:42'),
	(48,1,274,'2021-02-04 22:58:42','2021-02-04 22:58:42'),
	(49,1,275,'2021-02-04 22:58:42','2021-02-04 22:58:42'),
	(50,2,288,'2021-02-04 22:58:42','2021-02-04 22:58:42'),
	(51,2,309,'2021-02-04 22:58:42','2021-02-04 22:58:42'),
	(52,2,328,'2021-02-04 22:58:42','2021-02-04 22:58:42'),
	(54,2,340,'2021-02-04 22:58:42','2021-02-04 22:58:42'),
	(55,1,342,'2021-02-04 22:58:42','2021-02-04 22:58:42'),
	(56,1,343,'2021-02-04 22:58:42','2021-02-04 22:58:42'),
	(57,1,355,'2021-02-04 22:58:42','2021-02-04 22:58:42'),
	(58,2,364,'2021-02-04 22:58:42','2021-02-04 22:58:42'),
	(59,2,404,'2021-02-04 22:58:42','2021-02-04 22:58:42'),
	(60,2,405,'2021-02-04 22:58:42','2021-02-04 22:58:42'),
	(61,2,406,'2021-02-04 22:58:42','2021-02-04 22:58:42'),
	(62,1,449,'2021-02-04 22:58:42','2021-02-04 22:58:42'),
	(63,2,462,'2021-02-04 22:58:42','2021-02-04 22:58:42'),
	(64,2,463,'2021-02-04 22:58:42','2021-02-04 22:58:42'),
	(65,1,476,'2021-02-04 22:58:42','2021-02-04 22:58:42');

/*!40000 ALTER TABLE `ingredient_department` ENABLE KEYS */;
UNLOCK TABLES;


# Dump of table invite
# ------------------------------------------------------------

DROP TABLE IF EXISTS `invite`;

CREATE TABLE `invite` (
  `email` varchar(255) NOT NULL COMMENT 'the email used to invite',
  `account` int(11) NOT NULL COMMENT 'the account to invite them to',
  `token` varchar(64) NOT NULL COMMENT 'short-term invite token',
  `admin_id` varchar(255) NOT NULL COMMENT 'the user who invited them',
  `expires` datetime NOT NULL COMMENT 'datetime that the token should expire',
  `created_at` datetime NOT NULL DEFAULT CURRENT_TIMESTAMP,
  `updated_at` datetime NOT NULL DEFAULT CURRENT_TIMESTAMP ON UPDATE CURRENT_TIMESTAMP,
  PRIMARY KEY (`account`,`email`)
) ENGINE=InnoDB DEFAULT CHARSET=utf8;



# Dump of table list
# ------------------------------------------------------------

DROP TABLE IF EXISTS `list`;

CREATE TABLE `list` (
  `id` int(11) NOT NULL AUTO_INCREMENT COMMENT 'primary key',
  `account_id` int(11) DEFAULT NULL,
  `name` varchar(255) NOT NULL,
  `type` varchar(10) NOT NULL,
  `unit_id` int(11) NOT NULL,
  `recipe_id` int(11) DEFAULT NULL,
  `quantity` varchar(20) NOT NULL COMMENT 'mixed number',
  `is_bought` tinyint(1) NOT NULL,
  `created_at` datetime NOT NULL DEFAULT CURRENT_TIMESTAMP,
  `updated_at` datetime NOT NULL DEFAULT CURRENT_TIMESTAMP ON UPDATE CURRENT_TIMESTAMP,
  `department` varchar(255) DEFAULT NULL,
  PRIMARY KEY (`id`),
  KEY `fk_list_unit_id` (`unit_id`),
  CONSTRAINT `fk_list_unit_id` FOREIGN KEY (`unit_id`) REFERENCES `unit` (`id`)
) ENGINE=InnoDB DEFAULT CHARSET=latin1;

LOCK TABLES `list` WRITE;
/*!40000 ALTER TABLE `list` DISABLE KEYS */;

INSERT INTO `list` (`id`, `account_id`, `name`, `type`, `unit_id`, `recipe_id`, `quantity`, `is_bought`, `created_at`, `updated_at`, `department`)
VALUES
	(4852,5,'beer','extra',1,NULL,'0',0,'2022-03-30 23:03:03','2022-03-30 23:08:56',''),
	(5074,5,'Rice Vinegar','ingredient',6,79,'750',0,'2022-03-30 23:09:27','2022-03-30 23:09:27',''),
	(5075,5,'Black Pepper','ingredient',8,79,'0.5',0,'2022-03-30 23:09:27','2022-03-30 23:09:27',''),
	(5076,5,'Sesame Oil','ingredient',5,79,'2',0,'2022-03-30 23:09:27','2022-03-30 23:09:27',''),
	(5077,5,'Salt','ingredient',1,81,'1',0,'2022-03-30 23:09:27','2022-03-30 23:09:27',''),
	(5078,5,'Chicken Stock','ingredient',7,81,'8',0,'2022-03-30 23:09:27','2022-03-30 23:09:27',''),
	(5079,5,'potato','ingredient',3,81,'1.5',0,'2022-03-30 23:09:27','2022-03-30 23:09:27','vegetables'),
	(5080,5,'Creme Fraiche','ingredient',1,81,'1',0,'2022-03-30 23:09:27','2022-03-30 23:09:27',''),
	(5081,5,'Paprika','ingredient',1,81,'1',0,'2022-03-30 23:09:27','2022-03-30 23:09:27',''),
	(5082,5,'Honey','ingredient',5,79,'3',0,'2022-03-30 23:09:27','2022-03-30 23:09:27',''),
	(5083,5,'Chicken Thighs (Boneless)','ingredient',3,79,'3',0,'2022-03-30 23:09:27','2022-03-30 23:09:27','meat and fish'),
	(5084,5,'Soy Sauce','ingredient',7,79,'1.5',0,'2022-03-30 23:09:27','2022-03-30 23:09:27',''),
	(5085,5,'Garlic Clove','ingredient',5,79,'2.5',0,'2022-03-30 23:09:27','2022-03-30 23:09:27','vegetables'),
	(5086,5,'Butter, Unsalted','ingredient',5,81,'3',0,'2022-03-30 23:09:27','2022-03-30 23:09:27',''),
	(5087,5,'Fennel Bulb','ingredient',1,81,'1',0,'2022-03-30 23:09:27','2022-03-30 23:09:27',''),
	(5088,5,'Celery Rib','ingredient',1,81,'1',0,'2022-03-30 23:09:27','2022-03-30 23:09:27',''),
	(5089,5,'Bacon Rashers','ingredient',13,81,'5',0,'2022-03-30 23:09:27','2022-03-30 23:09:27','meat and fish'),
	(5090,5,'White Peppercorns','ingredient',1,81,'1',0,'2022-03-30 23:09:27','2022-03-30 23:09:27',''),
	(5091,5,'Leek','ingredient',1,81,'1',0,'2022-03-30 23:09:27','2022-03-30 23:09:27','vegetables'),
	(5092,5,'Thyme Sprig','ingredient',1,81,'1',0,'2022-03-30 23:09:27','2022-03-30 23:09:27',''),
	(5093,5,'Parsely','ingredient',5,81,'3',0,'2022-03-30 23:09:27','2022-03-30 23:09:27','vegetables'),
	(5094,5,'Baguette','ingredient',1,81,'1',0,'2022-03-30 23:09:27','2022-03-30 23:09:27',''),
	(5095,5,'Heavy Cream','ingredient',6,81,'1',0,'2022-03-30 23:09:27','2022-03-30 23:09:27',''),
	(5096,5,'Bay Leaf','ingredient',4,79,'3',0,'2022-03-30 23:09:27','2022-03-30 23:09:27',''),
	(5097,5,'medium onions','ingredient',1,81,'1',0,'2022-03-30 23:09:27','2022-03-30 23:09:27',''),
	(5098,5,'Shallot','ingredient',1,81,'1',0,'2022-03-30 23:09:27','2022-03-30 23:09:27','vegetables'),
	(5099,5,'tarragon','ingredient',5,81,'2',0,'2022-03-30 23:09:27','2022-03-30 23:09:27',''),
	(5994,6,'Apples','extra',1,NULL,'0',0,'2022-06-24 10:58:22','2022-06-24 10:58:22',''),
	(5995,6,'Grapes ','extra',1,NULL,'0',0,'2022-06-24 10:59:25','2022-06-24 10:59:25',''),
	(5996,6,'Apples','extra',1,NULL,'0',0,'2022-06-24 10:59:27','2022-06-24 10:59:27',''),
	(8137,1,'Chopped Tomatoes','ingredient',9,10,'3',1,'2023-06-18 15:32:36','2023-06-18 15:37:18',''),
	(8138,1,'Red Chilli','ingredient',1,88,'2',1,'2023-06-18 15:32:36','2023-06-18 15:36:53','vegetables'),
	(8139,1,'Tenderstem Broccoli','ingredient',11,88,'1',0,'2023-06-18 15:32:36','2023-06-18 15:32:36',''),
	(8140,1,'Chorizo','ingredient',2,109,'200',1,'2023-06-18 15:32:36','2023-06-18 15:32:49','meat and fish'),
	(8141,1,'Shaoxing Wine','ingredient',5,88,'1',1,'2023-06-18 15:32:36','2023-06-18 15:35:00',''),
	(8142,1,'Coriander Seeds','ingredient',8,109,'1',1,'2023-06-18 15:32:36','2023-06-18 15:33:05',''),
	(8143,1,'Parmesan','ingredient',2,10,'40',1,'2023-06-18 15:32:36','2023-06-18 15:34:59',''),
	(8144,1,'Egg','ingredient',1,10,'1',0,'2023-06-18 15:32:36','2023-06-18 15:32:36',''),
	(8145,1,'Parsley','ingredient',10,109,'1',1,'2023-06-18 15:32:36','2023-06-18 15:32:41','vegetables'),
	(8146,1,'Sesame Oil','ingredient',5,88,'1',1,'2023-06-18 15:32:36','2023-06-18 15:34:59',''),
	(8147,1,'Soy Sauce','ingredient',5,88,'1',1,'2023-06-18 15:32:36','2023-06-18 15:34:59',''),
	(8148,1,'Shiitake Mushrooms','ingredient',11,88,'1',1,'2023-06-18 15:32:36','2023-06-18 15:39:24',''),
	(8149,1,'White Bread','ingredient',13,10,'3',0,'2023-06-18 15:32:36','2023-06-18 15:32:36',''),
	(8150,1,'Beef Mince','ingredient',2,10,'500',1,'2023-06-18 15:32:36','2023-06-18 15:32:48','meat and fish'),
	(8151,1,'Bay Leaf','ingredient',1,10,'4',1,'2023-06-18 15:32:36','2023-06-18 15:32:54',''),
	(8152,1,'Tomato Puree','ingredient',5,109,'1',1,'2023-06-18 15:32:36','2023-06-18 15:34:59',''),
	(8153,1,'Spaghetti','ingredient',2,10,'100',0,'2023-06-18 15:32:36','2023-06-18 15:32:36',''),
	(8154,1,'Beef Flank Steak','ingredient',2,88,'200',1,'2023-06-18 15:32:36','2023-06-18 15:32:55',''),
	(8155,1,'Ginger','ingredient',2,88,'10',1,'2023-06-18 15:32:36','2023-06-18 15:37:52',''),
	(8156,1,'smoked paprika','ingredient',5,109,'1',1,'2023-06-18 15:32:36','2023-06-18 15:35:00',''),
	(8157,1,'Pork mince','ingredient',2,10,'500',1,'2023-06-18 15:32:36','2023-06-18 15:32:51','meat and fish'),
	(8158,1,'Flour','ingredient',2,10,'50',1,'2023-06-18 15:32:36','2023-06-18 15:33:12',''),
	(8159,1,'onion','ingredient',1,10,'1',1,'2023-06-18 15:32:36','2023-06-18 15:35:58','vegetables'),
	(8160,1,'Mixed herbs','ingredient',5,10,'1',1,'2023-06-18 15:32:36','2023-06-18 15:37:54',''),
	(8161,1,'Oyster sauce','ingredient',5,88,'1',1,'2023-06-18 15:32:36','2023-06-18 15:38:46',''),
	(8162,1,'Paella Rice','ingredient',2,109,'250',1,'2023-06-18 15:32:36','2023-06-18 15:38:48',''),
	(8163,1,'Garlic Clove','ingredient',1,10,'12',1,'2023-06-18 15:32:36','2023-06-18 15:34:59','vegetables'),
	(8164,1,'Baby Corn','ingredient',11,88,'1',1,'2023-06-18 15:32:36','2023-06-18 15:37:17',''),
	(8165,1,'Leek','ingredient',1,109,'1',1,'2023-06-18 15:32:36','2023-06-18 15:36:22','vegetables');

/*!40000 ALTER TABLE `list` ENABLE KEYS */;
UNLOCK TABLES;


# Dump of table part
# ------------------------------------------------------------

DROP TABLE IF EXISTS `part`;

CREATE TABLE `part` (
  `id` int(11) NOT NULL AUTO_INCREMENT COMMENT 'primary key',
  `recipe_id` int(11) NOT NULL COMMENT 'foreign key into recipe table',
  `ingredient_id` int(11) NOT NULL COMMENT 'foreign key into ingredient table',
  `unit_id` int(11) NOT NULL COMMENT 'foreign key into unit table',
  `quantity` varchar(20) NOT NULL COMMENT 'mixed number',
  `created_at` datetime NOT NULL DEFAULT CURRENT_TIMESTAMP,
  `updated_at` datetime NOT NULL DEFAULT CURRENT_TIMESTAMP ON UPDATE CURRENT_TIMESTAMP,
  PRIMARY KEY (`id`),
  KEY `fk_part_recipe_id` (`recipe_id`),
  KEY `fk_part_ingredient_id` (`ingredient_id`),
  KEY `fk_part_unit_id` (`unit_id`),
  CONSTRAINT `fk_part_ingredient_id` FOREIGN KEY (`ingredient_id`) REFERENCES `ingredient` (`id`),
  CONSTRAINT `fk_part_recipe_id` FOREIGN KEY (`recipe_id`) REFERENCES `recipe` (`id`),
  CONSTRAINT `fk_part_unit_id` FOREIGN KEY (`unit_id`) REFERENCES `unit` (`id`)
) ENGINE=InnoDB DEFAULT CHARSET=latin1;

LOCK TABLES `part` WRITE;
/*!40000 ALTER TABLE `part` DISABLE KEYS */;

INSERT INTO `part` (`id`, `recipe_id`, `ingredient_id`, `unit_id`, `quantity`, `created_at`, `updated_at`)
VALUES
	(13,2,12,2,'200','2020-06-08 23:01:56','2020-06-08 23:01:56'),
	(14,2,2,2,'500','2020-06-08 23:02:14','2020-06-08 23:02:14'),
	(15,2,158,9,'1','2020-06-08 23:02:33','2020-07-05 16:34:10'),
	(16,2,4,1,'1','2020-06-08 23:02:44','2020-06-08 23:02:44'),
	(17,2,47,1,'3','2020-06-08 23:02:59','2020-07-05 16:25:23'),
	(18,2,8,5,'2','2020-06-08 23:03:18','2020-06-08 23:03:18'),
	(19,2,15,6,'200','2020-06-08 23:03:32','2020-06-08 23:03:32'),
	(20,2,17,2,'150','2020-06-08 23:03:54','2020-06-08 23:03:54'),
	(21,7,1,2,'600','2020-06-14 21:46:57','2020-06-14 21:46:57'),
	(22,7,18,1,'2','2020-06-14 21:46:57','2020-06-14 21:46:57'),
	(23,7,19,1,'1','2020-06-14 21:46:57','2020-06-14 21:46:57'),
	(40,1,1,3,'1','2020-06-15 23:51:12','2020-06-15 23:51:12'),
	(41,1,2,2,'800','2020-06-15 23:51:12','2020-06-15 23:51:12'),
	(42,1,4,1,'1','2020-06-15 23:51:12','2020-06-15 23:51:12'),
	(43,1,5,1,'1','2020-06-15 23:51:12','2020-06-15 23:51:12'),
	(44,1,47,1,'2','2020-06-15 23:51:12','2020-07-05 16:25:23'),
	(45,1,7,5,'2','2020-06-15 23:51:12','2020-06-15 23:51:12'),
	(46,1,8,5,'1','2020-06-15 23:51:12','2020-06-15 23:51:12'),
	(47,1,9,1,'1','2020-06-15 23:51:12','2020-06-15 23:51:12'),
	(48,1,10,1,'1','2020-06-15 23:51:12','2020-06-15 23:51:12'),
	(49,1,11,6,'300','2020-06-15 23:51:12','2020-06-15 23:51:12'),
	(50,9,4,1,'1','2020-06-20 12:12:15','2020-06-20 12:12:15'),
	(51,9,47,1,'2','2020-06-20 12:12:15','2020-06-20 12:12:15'),
	(52,9,10,8,'1','2020-06-20 12:12:15','2020-06-20 12:12:15'),
	(53,9,48,1,'2','2020-06-20 12:12:15','2020-06-20 12:12:15'),
	(54,9,49,9,'1','2020-06-20 12:12:15','2020-06-20 12:12:15'),
	(55,9,158,9,'1','2020-06-20 12:12:15','2020-07-05 16:34:10'),
	(56,9,11,6,'500','2020-06-20 12:12:15','2020-06-20 12:12:15'),
	(57,9,50,2,'80','2020-06-20 12:12:15','2020-06-20 12:12:15'),
	(58,9,51,2,'250','2020-06-20 12:12:15','2020-06-20 12:12:15'),
	(59,9,52,5,'1','2020-06-20 12:12:15','2020-06-20 12:12:15'),
	(60,10,57,13,'3','2020-06-20 12:17:37','2020-06-20 12:17:37'),
	(61,10,2,2,'500','2020-06-20 12:17:37','2020-06-20 12:17:37'),
	(62,10,21,2,'500','2020-06-20 12:17:37','2022-04-02 22:30:26'),
	(63,10,16,2,'40','2020-06-20 12:17:37','2020-06-20 12:17:37'),
	(64,10,47,1,'8','2020-06-20 12:17:37','2020-06-20 12:17:37'),
	(65,10,18,1,'1','2020-06-20 12:17:37','2020-06-20 12:17:37'),
	(66,10,59,2,'50','2020-06-20 12:17:37','2020-06-20 12:17:37'),
	(67,10,4,1,'1','2020-06-20 12:17:37','2020-06-20 12:17:37'),
	(68,10,14,5,'1','2020-06-20 12:17:37','2020-06-20 12:17:37'),
	(69,10,158,9,'2','2020-06-20 12:17:37','2020-07-05 16:34:10'),
	(70,10,60,1,'2','2020-06-20 12:17:37','2020-06-20 12:17:37'),
	(71,10,12,2,'100','2020-06-20 12:17:37','2020-06-20 12:17:37'),
	(72,11,69,1,'1','2020-06-20 12:22:39','2020-06-20 12:22:39'),
	(73,11,1,1,'3','2020-06-20 12:22:39','2020-06-20 12:22:39'),
	(74,11,70,1,'1','2020-06-20 12:22:39','2020-06-20 12:22:39'),
	(75,11,5,1,'3','2020-06-20 12:22:39','2022-04-02 22:20:28'),
	(76,11,47,1,'5','2020-06-20 12:22:39','2020-06-20 12:22:39'),
	(77,11,72,1,'3','2020-06-20 12:22:39','2020-06-20 12:22:39'),
	(78,11,10,5,'1','2020-06-20 12:22:39','2020-06-20 12:22:39'),
	(79,11,9,5,'1','2020-06-20 12:22:39','2020-06-20 12:22:39'),
	(80,11,18,1,'2','2020-06-20 12:22:39','2020-06-20 12:22:39'),
	(81,11,73,2,'70','2020-06-20 12:22:39','2020-06-20 12:22:39'),
	(82,11,74,6,'100','2020-06-20 12:22:39','2020-06-20 12:22:39'),
	(117,3,114,2,'400','2020-06-20 13:20:14','2020-06-20 13:20:14'),
	(118,3,48,2,'200','2020-06-20 13:20:14','2020-06-20 13:20:14'),
	(119,3,4,1,'1','2020-06-20 13:20:14','2020-06-20 13:20:14'),
	(120,3,47,1,'2','2020-06-20 13:20:14','2020-06-20 13:20:14'),
	(121,3,81,6,'100','2020-06-20 13:20:14','2020-06-20 13:20:14'),
	(122,3,11,7,'1','2020-06-20 13:20:14','2020-06-20 13:20:14'),
	(123,3,17,2,'300','2020-06-20 13:20:14','2020-06-20 13:20:14'),
	(124,3,83,2,'200','2020-06-20 13:20:14','2020-06-20 13:20:14'),
	(125,3,16,2,'20','2020-06-20 13:20:14','2020-06-20 13:20:14'),
	(126,4,2,2,'800','2020-06-20 13:27:01','2020-06-20 13:27:01'),
	(127,4,4,1,'1','2020-06-20 13:27:01','2020-06-20 13:27:01'),
	(128,4,47,1,'2','2020-06-20 13:27:01','2020-06-20 13:27:01'),
	(129,4,123,8,'2','2020-06-20 13:27:01','2020-06-20 13:27:01'),
	(130,4,124,5,'1','2020-06-20 13:27:01','2020-06-20 13:27:01'),
	(131,4,125,8,'0.5','2020-06-20 13:27:01','2020-06-20 13:27:01'),
	(132,4,126,8,'0.5','2020-06-20 13:27:01','2020-06-20 13:27:01'),
	(133,4,127,8,'0.5','2020-06-20 13:27:01','2020-06-20 13:27:01'),
	(134,4,128,8,'1','2020-06-20 13:27:01','2020-06-20 13:27:01'),
	(135,4,15,6,'400','2020-06-20 13:27:01','2020-06-20 13:27:01'),
	(136,4,158,9,'2','2020-06-20 13:27:01','2020-07-05 16:34:10'),
	(137,4,129,9,'1','2020-06-20 13:27:01','2020-06-20 13:27:01'),
	(138,4,101,2,'400','2020-06-20 13:27:01','2020-06-20 13:27:01'),
	(139,4,22,2,'100','2020-06-20 13:27:01','2020-06-20 13:27:01'),
	(157,16,154,1,'1','2020-07-05 11:47:16','2020-07-05 11:47:16'),
	(158,16,1,2,'300','2020-07-05 11:47:16','2020-07-05 11:47:16'),
	(159,16,155,1,'1','2020-07-05 11:47:16','2020-07-05 11:47:16'),
	(160,16,156,1,'2','2020-07-05 11:47:16','2020-07-05 11:47:16'),
	(169,18,167,2,'300','2020-07-11 11:50:29','2020-07-11 11:50:29'),
	(170,18,1,2,'200','2020-07-11 11:50:29','2020-07-11 11:50:29'),
	(171,18,168,1,'2','2020-07-11 11:50:29','2020-07-11 11:50:29'),
	(172,18,169,1,'1','2020-07-11 11:50:29','2020-07-11 11:50:29'),
	(173,18,160,1,'1','2020-07-11 11:50:29','2020-07-11 11:50:29'),
	(174,18,170,2,'50','2020-07-11 11:50:29','2020-07-11 11:50:29'),
	(175,18,171,1,'1','2020-07-11 11:50:29','2020-07-11 11:50:29'),
	(205,17,159,2,'500','2020-07-11 15:04:52','2020-07-11 15:04:52'),
	(206,17,48,1,'2','2020-07-11 15:04:52','2020-07-11 15:04:52'),
	(207,17,83,2,'50','2020-07-11 15:04:52','2020-07-11 15:04:52'),
	(208,17,4,1,'1','2020-07-11 15:04:52','2020-07-11 15:04:52'),
	(209,17,47,1,'2','2020-07-11 15:04:52','2020-07-11 15:04:52'),
	(210,17,18,1,'1','2020-07-11 15:04:52','2020-07-11 15:04:52'),
	(211,17,16,2,'25','2020-07-11 15:04:52','2020-07-11 15:04:52'),
	(212,17,160,1,'1','2020-07-11 15:04:52','2020-07-11 15:04:52'),
	(213,5,139,1,'2','2020-07-16 09:13:47','2020-07-16 09:13:47'),
	(214,5,1,1,'3','2020-07-16 09:13:47','2020-07-16 09:13:47'),
	(215,5,170,2,'30','2020-07-16 09:13:47','2020-07-16 09:13:47'),
	(216,5,18,1,'1','2020-07-16 09:13:47','2020-07-16 09:13:47'),
	(217,20,215,9,'1','2020-07-19 12:50:59','2020-07-19 12:50:59'),
	(218,20,18,1,'2','2020-07-19 12:50:59','2020-07-19 12:50:59'),
	(219,20,216,1,'1','2020-07-19 12:50:59','2020-07-19 12:50:59'),
	(220,20,82,1,'4','2020-07-19 12:50:59','2020-07-19 12:50:59'),
	(221,20,217,9,'1','2020-07-19 12:50:59','2020-07-19 12:50:59'),
	(222,20,218,2,'50','2020-07-19 12:50:59','2020-07-19 12:50:59'),
	(223,20,219,12,'1','2020-07-19 12:50:59','2020-07-19 12:50:59'),
	(224,21,222,2,'400','2020-07-19 12:56:18','2020-07-19 12:56:18'),
	(225,21,11,6,'750','2020-07-19 12:56:18','2020-07-19 12:56:18'),
	(226,21,4,1,'1','2020-07-19 12:56:18','2020-07-19 12:56:18'),
	(227,21,47,1,'4','2020-07-19 12:56:18','2020-07-19 12:56:18'),
	(228,21,8,5,'2','2020-07-19 12:56:18','2020-07-19 12:56:18'),
	(229,21,223,8,'1','2020-07-19 12:56:18','2020-07-19 12:56:18'),
	(230,21,224,8,'1','2020-07-19 12:56:18','2020-07-19 12:56:18'),
	(231,21,93,8,'0.5','2020-07-19 12:56:18','2020-07-19 12:56:18'),
	(232,21,225,8,'0.5','2020-07-19 12:56:18','2020-07-19 12:56:18'),
	(233,21,22,2,'250','2020-07-19 12:56:18','2020-07-19 12:56:18'),
	(234,21,226,2,'500','2020-07-19 12:56:18','2020-07-19 12:56:18'),
	(235,21,52,5,'1','2020-07-19 12:56:18','2020-07-19 12:56:18'),
	(236,21,3,1,'1','2020-07-19 12:56:18','2020-07-19 12:56:18'),
	(237,22,167,2,'300','2020-07-19 12:58:03','2020-07-19 12:58:03'),
	(238,22,1,2,'200','2020-07-19 12:58:03','2020-07-19 12:58:03'),
	(239,22,235,11,'1','2020-07-19 12:58:03','2020-07-19 12:58:03'),
	(240,23,139,1,'1','2020-07-26 10:57:54','2020-07-26 10:57:54'),
	(241,23,22,2,'150','2020-07-26 10:57:54','2020-07-26 10:57:54'),
	(242,23,171,1,'1','2020-07-26 10:57:54','2020-07-26 10:57:54'),
	(243,23,169,1,'1','2020-07-26 10:57:54','2020-07-26 10:57:54'),
	(244,23,238,2,'50','2020-07-26 10:57:54','2020-07-26 10:57:54'),
	(245,23,168,1,'3','2020-07-26 10:57:54','2020-07-26 10:57:54'),
	(246,23,18,1,'2','2020-07-26 10:57:54','2020-07-26 10:57:54'),
	(247,23,239,1,'0.5','2020-07-26 10:57:54','2020-07-26 10:57:54'),
	(248,23,218,2,'100','2020-07-26 10:57:54','2020-07-26 10:57:54'),
	(249,23,219,6,'50','2020-07-26 10:57:54','2020-07-26 10:57:54'),
	(261,24,139,1,'2','2020-07-26 11:02:56','2020-07-26 11:02:56'),
	(262,24,18,1,'1','2020-07-26 11:02:56','2020-07-26 11:02:56'),
	(263,24,73,2,'20','2020-07-26 11:02:56','2020-07-26 11:02:56'),
	(264,24,170,2,'100','2020-07-26 11:02:56','2020-07-26 11:02:56'),
	(265,24,248,5,'4','2020-07-26 11:02:56','2020-07-26 11:02:56'),
	(266,24,249,5,'4','2020-07-26 11:02:56','2020-07-26 11:02:56'),
	(267,24,47,1,'4','2020-07-26 11:02:56','2020-07-26 11:02:56'),
	(268,24,250,5,'2','2020-07-26 11:02:56','2020-07-26 11:02:56'),
	(269,24,26,5,'1','2020-07-26 11:02:56','2020-07-26 11:02:56'),
	(270,24,99,5,'1','2020-07-26 11:02:56','2020-07-26 11:02:56'),
	(271,24,168,1,'1','2020-07-26 11:02:56','2020-07-26 11:02:56'),
	(272,24,259,8,'1','2020-07-26 11:02:56','2020-07-26 11:02:56'),
	(273,25,271,2,'500','2020-07-26 11:13:05','2020-07-26 11:13:05'),
	(274,25,4,1,'0.5','2020-07-26 11:13:05','2020-07-26 11:13:05'),
	(275,25,170,2,'50','2020-07-26 11:13:05','2020-07-26 11:13:05'),
	(276,25,47,1,'2','2020-07-26 11:13:05','2020-07-26 11:13:05'),
	(277,25,97,5,'1','2020-07-26 11:13:05','2020-07-26 11:13:05'),
	(278,25,123,8,'2','2020-07-26 11:13:05','2020-07-26 11:13:05'),
	(279,25,94,8,'2','2020-07-26 11:13:05','2020-07-26 11:13:05'),
	(280,25,223,8,'2','2020-07-26 11:13:05','2020-07-26 11:13:05'),
	(281,25,272,8,'1','2020-07-26 11:13:05','2020-07-26 11:13:05'),
	(282,25,125,8,'1','2020-07-26 11:13:05','2020-07-26 11:13:05'),
	(283,25,273,1,'0.5','2020-07-26 11:13:05','2020-07-26 11:13:05'),
	(284,25,239,1,'0.5','2020-07-26 11:13:05','2020-07-26 11:13:05'),
	(285,25,96,1,'1','2020-07-26 11:13:05','2020-07-26 11:13:05'),
	(286,25,274,2,'75','2020-07-26 11:13:05','2020-07-26 11:13:05'),
	(287,25,238,2,'75','2020-07-26 11:13:05','2020-07-26 11:13:05'),
	(288,25,97,5,'4','2020-07-26 11:13:05','2020-07-26 11:13:05'),
	(289,25,275,5,'2','2020-07-26 11:13:05','2020-07-26 11:13:05'),
	(290,26,288,2,'800','2020-07-26 11:28:38','2020-07-26 11:28:38'),
	(291,26,289,5,'2','2020-07-26 11:28:38','2020-07-26 11:28:38'),
	(292,26,290,8,'2','2020-07-26 11:28:38','2020-07-26 11:28:38'),
	(293,26,47,1,'8','2020-07-26 11:28:38','2020-07-26 11:28:38'),
	(294,26,99,5,'2','2020-07-26 11:28:38','2020-07-26 11:28:38'),
	(295,26,98,1,'3','2020-07-26 11:28:38','2020-07-26 11:28:38'),
	(296,26,223,8,'1','2020-07-26 11:28:38','2020-07-26 11:28:38'),
	(297,26,124,8,'1.5','2020-07-26 11:28:38','2020-07-26 11:28:38'),
	(298,26,291,8,'1','2020-07-26 11:28:38','2020-07-26 11:28:38'),
	(299,26,94,8,'1','2020-07-26 11:28:38','2020-07-26 11:28:38'),
	(300,26,272,10,'1','2020-07-26 11:28:38','2020-07-26 11:28:38'),
	(301,26,3,1,'1','2020-07-26 11:28:38','2020-07-26 11:28:38'),
	(302,26,292,8,'1','2020-07-26 11:28:38','2020-07-26 11:28:38'),
	(303,26,144,5,'1.5','2020-07-26 11:28:38','2020-07-26 11:28:38'),
	(304,26,175,1,'5','2020-07-26 11:28:38','2020-07-26 11:28:38'),
	(305,26,174,1,'1','2020-07-26 11:28:38','2020-07-26 11:28:38'),
	(306,26,4,1,'1','2020-07-26 11:28:38','2020-07-26 11:28:38'),
	(307,26,8,5,'3','2020-07-26 11:28:38','2020-07-26 11:28:38'),
	(308,26,293,6,'150','2020-07-26 11:28:38','2020-07-26 11:28:38'),
	(309,26,249,5,'2','2020-07-26 11:28:38','2020-07-26 11:28:38'),
	(310,26,97,5,'1','2020-07-26 11:28:38','2020-07-26 11:28:38'),
	(311,27,170,5,'2','2020-07-26 11:33:39','2020-07-26 11:33:39'),
	(312,27,9,5,'1','2020-07-26 11:33:39','2020-07-26 11:33:39'),
	(313,27,52,5,'2','2020-07-26 11:33:39','2020-07-26 11:33:39'),
	(314,27,10,5,'1','2020-07-26 11:33:39','2020-07-26 11:33:39'),
	(315,27,47,1,'2','2020-07-26 11:33:39','2020-07-26 11:33:39'),
	(316,27,144,2,'50','2020-07-26 11:33:39','2020-07-26 11:33:39'),
	(317,27,309,1,'1','2020-07-26 11:33:39','2020-07-26 11:33:39'),
	(324,29,322,2,'140','2020-07-26 11:40:53','2020-07-26 11:40:53'),
	(325,29,323,2,'180','2020-07-26 11:40:53','2020-07-26 11:40:53'),
	(326,29,324,2,'410','2020-07-26 11:40:53','2020-07-26 11:40:53'),
	(327,29,325,2,'160','2020-07-26 11:40:53','2020-07-26 11:40:53'),
	(328,29,144,2,'150','2020-07-26 11:40:53','2020-07-26 11:40:53'),
	(329,29,326,8,'1','2020-07-26 11:40:53','2020-07-26 11:40:53'),
	(330,30,328,1,'2','2020-07-26 11:45:29','2020-07-26 11:45:29'),
	(331,30,144,5,'4','2020-07-26 11:45:29','2020-07-26 11:45:29'),
	(332,30,17,2,'300','2020-07-26 11:45:29','2020-07-26 11:45:29'),
	(333,30,47,1,'6','2020-07-26 11:45:29','2020-07-26 11:45:29'),
	(334,30,9,5,'4','2020-07-26 11:45:29','2020-07-26 11:45:29'),
	(335,30,81,6,'200','2020-07-26 11:45:29','2020-07-26 11:45:29'),
	(336,30,329,5,'1','2020-07-26 11:45:29','2020-07-26 11:45:29'),
	(337,30,3,1,'1','2020-07-26 11:45:29','2020-07-26 11:45:29'),
	(338,30,52,10,'1','2020-07-26 11:45:29','2022-04-02 22:32:55'),
	(339,30,1,2,'300','2020-07-26 11:45:29','2020-07-26 11:45:29'),
	(340,31,338,1,'4','2020-07-26 11:50:23','2020-07-26 11:50:23'),
	(341,31,339,2,'50','2020-07-26 11:50:23','2020-07-26 11:50:23'),
	(342,31,18,1,'1','2020-07-26 11:50:23','2020-07-26 11:50:23'),
	(343,31,293,5,'2','2020-07-26 11:50:23','2020-07-26 11:50:23'),
	(344,31,144,2,'40','2020-07-26 11:50:23','2020-07-26 11:50:23'),
	(345,31,340,2,'165','2020-07-26 11:50:23','2020-07-26 11:50:23'),
	(346,31,160,1,'0.5','2020-07-26 11:50:23','2020-07-26 11:50:23'),
	(347,31,341,5,'2','2020-07-26 11:50:23','2020-07-26 11:50:23'),
	(348,31,99,5,'1','2020-07-26 11:50:23','2020-07-26 11:50:23'),
	(349,31,47,1,'1','2020-07-26 11:50:23','2020-07-26 11:50:23'),
	(350,31,342,5,'2','2020-07-26 11:50:23','2020-07-26 11:50:23'),
	(351,31,343,1,'1','2020-07-26 11:50:23','2020-07-26 11:50:23'),
	(352,32,144,2,'100','2020-07-26 11:51:50','2020-07-26 11:51:50'),
	(353,32,350,2,'100','2020-07-26 11:51:50','2020-07-26 11:51:50'),
	(354,32,351,5,'1','2020-07-26 11:51:50','2020-07-26 11:51:50'),
	(355,32,352,2,'150','2020-07-26 11:51:50','2020-07-26 11:51:50'),
	(356,32,353,1,'3','2020-07-26 11:51:50','2020-07-26 11:51:50'),
	(366,34,364,1,'1','2020-07-26 11:59:42','2020-07-26 11:59:42'),
	(367,34,365,12,'1','2020-07-26 11:59:42','2020-07-26 11:59:42'),
	(368,34,356,2,'50','2020-07-26 11:59:42','2020-07-26 11:59:42'),
	(369,34,249,5,'4','2020-07-26 11:59:42','2020-07-26 11:59:42'),
	(370,34,329,5,'2','2020-07-26 11:59:42','2020-07-26 11:59:42'),
	(371,35,369,1,'6','2020-07-26 12:04:11','2020-07-26 12:04:11'),
	(372,35,80,1,'2','2020-07-26 12:04:11','2020-07-26 12:04:11'),
	(373,35,156,1,'2','2020-07-26 12:04:11','2020-07-26 12:04:11'),
	(374,35,18,1,'3','2020-07-26 12:04:11','2020-07-26 12:04:11'),
	(375,35,74,6,'25','2020-07-26 12:04:11','2020-07-26 12:04:11'),
	(376,35,52,10,'1','2020-07-26 12:04:11','2020-07-26 12:04:11'),
	(377,19,99,5,'2','2020-09-19 16:18:42','2020-09-19 16:18:42'),
	(378,19,47,1,'5','2020-09-19 16:18:42','2020-09-19 16:18:42'),
	(379,19,60,1,'3','2020-09-19 16:18:42','2020-09-19 16:18:42'),
	(380,19,174,1,'1','2020-09-19 16:18:42','2020-09-19 16:18:42'),
	(381,19,175,1,'8','2020-09-19 16:18:42','2020-09-19 16:18:42'),
	(382,19,176,1,'4','2020-09-19 16:18:42','2020-09-19 16:18:42'),
	(383,19,89,8,'0.5','2020-09-19 16:18:42','2020-09-19 16:18:42'),
	(384,19,4,1,'1','2020-09-19 16:18:42','2020-09-19 16:18:42'),
	(385,19,94,5,'1','2020-09-19 16:18:42','2020-09-19 16:18:42'),
	(386,19,123,5,'1','2020-09-19 16:18:42','2020-09-19 16:18:42'),
	(387,19,158,9,'1','2020-09-19 16:18:42','2020-09-19 16:18:42'),
	(388,19,139,3,'1.5','2020-09-19 16:18:42','2020-09-19 16:18:42'),
	(389,19,124,8,'0.5','2020-09-19 16:18:42','2020-09-19 16:18:42'),
	(390,19,177,5,'3','2020-09-19 16:18:42','2020-09-19 16:18:42'),
	(391,19,101,2,'100','2020-09-19 16:18:42','2020-09-19 16:18:42'),
	(402,37,400,1,'1','2020-10-18 11:19:06','2020-10-18 11:19:06'),
	(403,37,139,1,'1','2020-10-18 11:19:06','2020-10-18 11:19:06'),
	(404,37,401,6,'330','2020-10-18 11:19:06','2020-10-18 11:19:06'),
	(405,37,402,2,'125','2020-10-18 11:19:06','2020-10-18 11:19:06'),
	(415,6,80,1,'4','2020-10-18 11:43:13','2020-10-18 11:43:13'),
	(416,6,1,2,'200','2020-10-18 11:43:13','2020-10-18 11:43:13'),
	(417,6,273,1,'1','2020-10-18 11:43:13','2020-10-18 11:43:13'),
	(418,38,4,1,'1','2020-10-18 12:00:32','2020-10-18 12:00:32'),
	(419,38,47,1,'2','2020-10-18 12:00:32','2020-10-18 12:00:32'),
	(420,38,404,2,'250','2020-10-18 12:00:32','2020-10-18 12:00:32'),
	(421,38,405,2,'250','2020-10-18 12:00:32','2020-10-18 12:00:32'),
	(422,38,406,2,'100','2020-10-18 12:00:32','2020-10-18 12:00:32'),
	(423,38,60,1,'1','2020-10-18 12:00:32','2020-10-18 12:00:32'),
	(424,38,8,2,'75','2020-10-18 12:00:32','2020-10-18 12:00:32'),
	(425,38,15,6,'200','2020-10-18 12:00:32','2020-10-18 12:00:32'),
	(426,38,407,2,'150','2020-10-18 12:00:32','2020-10-18 12:00:32'),
	(427,38,416,2,'400','2020-10-18 12:00:32','2020-10-18 12:00:32'),
	(428,39,17,2,'500','2020-10-24 14:34:47','2020-10-24 14:34:47'),
	(429,39,72,1,'2','2020-10-24 14:34:47','2020-10-24 14:34:47'),
	(430,39,47,1,'1','2020-10-24 14:34:47','2020-10-24 14:34:47'),
	(431,39,9,5,'1','2020-10-24 14:34:47','2020-10-24 14:34:47'),
	(432,39,293,6,'250','2020-10-24 14:34:47','2020-10-24 14:34:47'),
	(433,39,426,2,'200','2020-10-24 14:34:47','2020-10-24 14:34:47'),
	(434,39,18,1,'2','2020-10-24 14:34:47','2020-10-24 14:34:47'),
	(445,41,4,1,'2','2021-01-10 15:20:57','2021-01-10 15:20:57'),
	(446,41,47,1,'1','2021-01-10 15:20:57','2021-01-10 15:20:57'),
	(447,41,17,2,'500','2021-01-10 15:20:57','2021-01-10 15:20:57'),
	(448,41,11,7,'1','2021-01-10 15:20:57','2021-01-10 15:20:57'),
	(449,41,177,6,'75','2021-01-10 15:20:57','2021-01-10 15:20:57'),
	(450,41,52,11,'1','2021-01-10 15:20:57','2021-01-10 15:20:57'),
	(451,42,2,2,'800','2021-01-10 15:25:07','2021-01-10 15:25:07'),
	(452,42,4,1,'1','2021-01-10 15:25:07','2021-01-10 15:25:07'),
	(453,42,449,1,'2','2021-01-10 15:25:07','2021-01-10 15:25:07'),
	(454,42,47,1,'4','2021-01-10 15:25:07','2021-01-10 15:25:07'),
	(455,42,8,5,'2','2021-01-10 15:25:07','2021-01-10 15:25:07'),
	(456,42,15,6,'250','2021-01-10 15:25:07','2021-01-10 15:25:07'),
	(457,42,9,10,'1','2021-01-10 15:25:07','2021-01-10 15:25:07'),
	(458,42,158,9,'2','2021-01-10 15:25:07','2021-01-10 15:25:07'),
	(459,42,450,11,'1','2021-01-10 15:25:07','2021-01-10 15:25:07'),
	(460,42,73,2,'75','2021-01-10 15:25:07','2021-01-10 15:25:07'),
	(461,42,74,6,'750','2021-01-10 15:25:07','2021-01-10 15:25:07'),
	(462,42,329,5,'1','2021-01-10 15:25:07','2021-01-10 15:25:07'),
	(463,42,142,10,'1','2021-01-10 15:25:07','2021-01-10 15:25:07'),
	(464,43,462,1,'2','2021-01-16 16:59:21','2021-01-16 16:59:21'),
	(465,43,463,1,'6','2021-01-16 16:59:21','2021-01-16 16:59:21'),
	(466,43,47,1,'4','2021-01-16 16:59:21','2021-01-16 16:59:21'),
	(467,43,17,2,'150','2021-01-16 16:59:21','2021-01-16 16:59:21'),
	(468,43,60,1,'1','2021-01-16 16:59:21','2021-01-16 16:59:21'),
	(469,43,10,1,'2','2021-01-16 16:59:21','2021-01-16 16:59:21'),
	(470,43,9,1,'2','2021-01-16 16:59:21','2021-01-16 16:59:21'),
	(471,43,464,6,'75','2021-01-16 16:59:21','2021-01-16 16:59:21'),
	(472,43,11,6,'450','2021-01-16 16:59:21','2021-01-16 16:59:21'),
	(473,43,52,10,'1','2021-01-16 16:59:21','2021-01-16 16:59:21'),
	(474,44,426,2,'300','2021-01-16 17:00:27','2021-01-16 17:00:27'),
	(475,44,18,1,'2','2021-01-16 17:00:27','2021-01-16 17:00:27'),
	(476,44,472,1,'3','2021-01-16 17:00:27','2021-01-16 17:00:27'),
	(477,45,475,11,'1','2021-01-16 17:04:00','2021-01-16 17:04:00'),
	(478,45,144,5,'2','2021-01-16 17:04:00','2021-01-16 17:04:00'),
	(479,45,47,1,'4','2021-01-16 17:04:00','2021-01-16 17:04:00'),
	(480,45,225,5,'1','2021-01-16 17:04:00','2021-01-16 17:04:00'),
	(481,45,226,2,'200','2021-01-16 17:04:00','2021-01-16 17:04:00'),
	(482,45,476,11,'1','2021-01-16 17:04:00','2021-01-16 17:04:00'),
	(483,45,3,1,'1','2021-01-16 17:04:00','2021-01-16 17:04:00'),
	(484,45,52,5,'2','2021-01-16 17:04:00','2021-01-16 17:04:00'),
	(485,8,21,2,'600','2021-01-16 17:06:55','2021-01-16 17:06:55'),
	(486,8,22,2,'300','2021-01-16 17:06:55','2021-01-16 17:06:55'),
	(487,8,23,1,'3','2021-01-16 17:06:55','2021-01-16 17:06:55'),
	(488,8,24,1,'2','2021-01-16 17:06:55','2021-01-16 17:06:55'),
	(489,8,25,5,'3','2021-01-16 17:06:55','2021-01-16 17:06:55'),
	(490,8,26,5,'1','2021-01-16 17:06:55','2021-01-16 17:06:55'),
	(491,8,483,1,'4','2021-01-16 17:06:55','2021-01-16 17:06:55'),
	(498,28,139,1,'2','2021-01-30 16:49:28','2021-01-30 16:49:28'),
	(499,28,316,2,'25','2021-01-30 16:49:28','2021-01-30 16:49:28'),
	(500,28,317,8,'1','2021-01-30 16:49:28','2021-01-30 16:49:28'),
	(501,28,18,1,'1','2021-01-30 16:49:28','2021-01-30 16:49:28'),
	(502,28,318,2,'25','2021-01-30 16:49:28','2021-01-30 16:49:28'),
	(503,28,52,5,'2','2021-01-30 16:49:28','2021-01-30 16:49:28'),
	(505,33,355,2,'450','2021-02-09 23:53:07','2021-02-09 23:53:07'),
	(506,33,356,2,'50','2021-02-09 23:53:07','2021-02-09 23:53:07'),
	(507,33,73,2,'180','2021-02-09 23:53:07','2021-02-09 23:53:07'),
	(508,33,272,10,'1','2021-02-09 23:53:07','2021-02-09 23:53:07'),
	(509,33,323,2,'110','2021-02-09 23:53:07','2021-02-09 23:53:07'),
	(510,33,144,2,'110','2021-02-09 23:53:07','2021-02-09 23:53:07'),
	(511,33,357,5,'1','2021-02-09 23:53:07','2021-02-09 23:53:07'),
	(512,33,358,5,'1','2021-02-09 23:53:07','2021-02-09 23:53:07'),
	(513,33,359,11,'1','2021-02-09 23:53:07','2021-02-09 23:53:07'),
	(516,49,514,2,'500','2021-02-14 14:33:44','2021-02-14 14:33:44'),
	(517,49,95,2,'20','2021-02-14 14:33:44','2021-02-14 14:33:44'),
	(518,49,515,2,'7','2021-02-14 14:33:44','2021-02-14 14:33:44'),
	(519,49,128,8,'1.5','2021-02-14 14:33:44','2021-02-14 14:33:44'),
	(520,50,73,2,'320','2021-02-14 15:05:56','2021-02-14 15:05:56'),
	(521,50,356,10,'1','2021-02-14 15:05:56','2021-02-14 15:05:56'),
	(522,50,515,2,'7','2021-02-14 15:05:56','2021-02-14 15:05:56'),
	(523,50,407,1,'1','2021-02-14 15:05:56','2021-02-14 15:05:56'),
	(524,50,17,2,'100','2021-02-14 15:05:56','2021-02-14 15:05:56'),
	(525,50,518,2,'100','2021-02-14 15:05:56','2021-02-14 15:05:56'),
	(533,52,18,1,'2','2021-02-28 13:32:36','2021-02-28 13:32:36'),
	(534,52,73,2,'65','2021-02-28 13:32:36','2021-02-28 13:32:36'),
	(535,52,74,6,'75','2021-02-28 13:32:36','2021-02-28 13:32:36'),
	(536,36,139,1,'3','2021-03-13 15:24:58','2021-03-13 15:24:58'),
	(537,36,98,1,'2','2021-03-13 15:24:58','2021-03-13 15:24:58'),
	(538,36,158,9,'1','2021-03-13 15:24:58','2021-03-13 15:24:58'),
	(539,36,123,8,'1','2021-03-13 15:24:58','2021-03-13 15:24:58'),
	(540,36,126,8,'1','2021-03-13 15:24:58','2021-03-13 15:24:58'),
	(541,36,127,8,'1','2021-03-13 15:24:58','2021-03-13 15:24:58'),
	(542,36,223,8,'1','2021-03-13 15:24:58','2021-03-13 15:24:58'),
	(543,36,390,8,'1','2021-03-13 15:24:58','2021-03-13 15:24:58'),
	(544,36,391,8,'1','2021-03-13 15:24:58','2021-03-13 15:24:58'),
	(545,36,392,1,'1','2021-03-13 15:24:58','2021-03-13 15:24:58'),
	(546,36,534,1,'1','2021-03-13 15:24:58','2021-03-13 15:24:58'),
	(547,36,535,1,'1','2021-03-13 15:24:58','2021-03-13 15:24:58'),
	(548,36,316,2,'100','2021-03-13 15:24:58','2021-03-13 15:24:58'),
	(549,40,4,1,'1','2021-03-20 12:50:48','2021-03-20 12:50:48'),
	(550,40,99,5,'1','2021-03-20 12:50:48','2021-03-20 12:50:48'),
	(551,40,93,8,'1','2021-03-20 12:50:48','2021-03-20 12:50:48'),
	(552,40,433,5,'2','2021-03-20 12:50:48','2021-03-20 12:50:48'),
	(553,40,11,6,'300','2021-03-20 12:50:48','2021-03-20 12:50:48'),
	(554,40,401,6,'120','2021-03-20 12:50:48','2021-03-20 12:50:48'),
	(555,40,434,2,'120','2021-03-20 12:50:48','2021-03-20 12:50:48'),
	(556,40,139,1,'2','2021-03-20 12:50:48','2021-03-20 12:50:48'),
	(557,40,18,1,'2','2021-03-20 12:50:48','2021-03-20 12:50:48'),
	(558,40,170,2,'100','2021-03-20 12:50:48','2021-03-20 12:50:48'),
	(559,40,5,1,'2','2021-03-20 12:50:48','2021-03-20 12:50:48'),
	(560,40,47,1,'2','2021-03-20 12:50:48','2021-03-20 12:50:48'),
	(561,40,73,5,'1','2021-03-20 12:50:48','2021-03-20 12:50:48'),
	(562,40,248,8,'1','2021-03-20 12:50:48','2021-03-20 12:50:48'),
	(563,40,356,8,'0.5','2021-03-20 12:50:48','2021-03-20 12:50:48'),
	(600,54,462,1,'2','2021-03-20 13:06:10','2021-03-20 13:06:10'),
	(601,54,73,2,'100','2021-03-20 13:06:10','2021-03-20 13:06:10'),
	(602,54,223,8,'1','2021-03-20 13:06:10','2021-03-20 13:06:10'),
	(603,54,562,8,'1','2021-03-20 13:06:10','2021-03-20 13:06:10'),
	(604,54,563,5,'1','2021-03-20 13:06:10','2021-03-20 13:06:10'),
	(605,54,564,5,'2','2021-03-20 13:06:10','2021-03-20 13:06:10'),
	(606,54,249,5,'2','2021-03-20 13:06:10','2021-03-20 13:06:10'),
	(607,54,7,5,'2','2021-03-20 13:06:10','2021-03-20 13:06:10'),
	(608,54,248,5,'2','2021-03-20 13:06:10','2021-03-20 13:06:10'),
	(609,54,126,8,'2','2021-03-20 13:06:10','2021-03-20 13:06:10'),
	(610,54,565,2,'170','2021-03-20 13:06:10','2021-03-20 13:06:10'),
	(611,54,329,5,'1','2021-03-20 13:06:10','2021-03-20 13:06:10'),
	(612,54,341,5,'2','2021-03-20 13:06:10','2021-03-20 13:06:10'),
	(613,54,99,1,'1','2021-03-20 13:06:10','2021-03-20 13:06:10'),
	(614,54,97,2,'30','2021-03-20 13:06:10','2021-03-20 13:06:10'),
	(615,54,566,1,'2','2021-03-20 13:06:10','2021-03-20 13:06:10'),
	(616,54,155,1,'1','2021-03-20 13:06:10','2021-03-20 13:06:10'),
	(617,54,95,8,'1','2021-03-20 13:06:10','2021-03-20 13:06:10'),
	(618,55,616,2,'10','2021-03-20 13:34:42','2021-03-20 13:34:42'),
	(619,55,617,2,'10','2021-03-20 13:34:42','2021-03-20 13:34:42'),
	(620,55,89,2,'5','2021-03-20 13:34:42','2021-03-20 13:34:42'),
	(621,55,618,2,'5','2021-03-20 13:34:42','2021-03-20 13:34:42'),
	(622,55,525,1,'3','2021-03-20 13:34:42','2021-03-20 13:34:42'),
	(623,55,619,1,'1','2021-03-20 13:34:42','2021-03-20 13:34:42'),
	(624,55,154,1,'2','2021-03-20 13:34:42','2021-03-20 13:34:42'),
	(625,55,620,1,'1','2021-03-20 13:34:42','2021-03-20 13:34:42'),
	(626,55,621,1,'1','2021-03-20 13:34:42','2021-03-20 13:34:42'),
	(627,55,622,2,'30','2021-03-20 13:34:42','2021-03-20 13:34:42'),
	(628,55,259,5,'3','2021-03-20 13:34:42','2021-03-20 13:34:42'),
	(629,55,47,1,'1','2021-03-20 13:34:42','2021-03-20 13:34:42'),
	(630,55,225,10,'1','2021-03-20 13:34:42','2021-03-20 13:34:42'),
	(631,55,623,5,'2','2021-03-20 13:34:42','2021-03-20 13:34:42'),
	(632,55,624,8,'0.5','2021-03-20 13:34:42','2021-03-20 13:34:42'),
	(633,55,95,8,'0.5','2021-03-20 13:34:42','2021-03-20 13:34:42'),
	(634,55,625,8,'0.5','2021-03-20 13:34:42','2021-03-20 13:34:42'),
	(635,55,341,8,'0.5','2021-03-20 13:34:42','2021-03-20 13:34:42'),
	(636,55,626,10,'4','2021-03-20 13:34:42','2021-03-20 13:34:42'),
	(637,55,563,5,'4','2021-03-20 13:34:42','2021-03-20 13:34:42'),
	(638,56,144,2,'175','2021-03-20 13:44:17','2021-03-20 13:44:17'),
	(639,56,324,2,'85','2021-03-20 13:44:17','2021-03-20 13:44:17'),
	(640,56,18,1,'4','2021-03-20 13:44:17','2021-03-20 13:44:17'),
	(641,56,73,2,'200','2021-03-20 13:44:17','2021-03-20 13:44:17'),
	(642,56,636,2,'100','2021-03-20 13:44:17','2021-03-20 13:44:17'),
	(643,56,637,2,'500','2021-03-20 13:44:17','2021-03-20 13:44:17'),
	(644,56,638,5,'2','2021-03-20 13:44:17','2021-03-20 13:44:17'),
	(645,56,74,6,'300','2021-03-20 13:44:17','2021-03-20 13:44:17'),
	(646,56,293,6,'150','2021-03-20 13:44:17','2021-03-20 13:44:17'),
	(647,56,326,8,'1','2021-03-20 13:44:17','2021-03-20 13:44:17'),
	(648,56,323,2,'60','2021-03-20 13:44:17','2021-03-20 13:44:17'),
	(649,56,317,5,'4','2021-03-20 13:44:17','2021-03-20 13:44:17'),
	(650,57,288,1,'4','2021-03-20 13:47:46','2021-03-20 13:47:46'),
	(651,57,341,5,'2','2021-03-20 13:47:46','2021-03-20 13:47:46'),
	(652,57,47,1,'2','2021-03-20 13:47:46','2021-03-20 13:47:46'),
	(653,57,99,5,'2','2021-03-20 13:47:46','2021-03-20 13:47:46'),
	(654,57,249,2,'50','2021-03-20 13:47:46','2021-03-20 13:47:46'),
	(655,57,248,6,'30','2021-03-20 13:47:46','2021-03-20 13:47:46'),
	(656,57,623,5,'1','2021-03-20 13:47:46','2021-03-20 13:47:46'),
	(657,57,259,5,'1','2021-03-20 13:47:46','2021-03-20 13:47:46'),
	(658,57,168,1,'4','2021-03-20 13:47:46','2021-03-20 13:47:46'),
	(659,57,648,2,'100','2021-03-20 13:47:46','2021-03-20 13:47:46'),
	(660,57,649,1,'2','2021-03-20 13:47:46','2021-03-20 13:47:46'),
	(661,58,619,1,'3','2021-04-05 11:46:51','2021-04-05 11:46:51'),
	(662,58,4,1,'1','2021-04-05 11:46:51','2021-04-05 11:46:51'),
	(663,58,99,1,'1','2021-04-05 11:46:51','2021-04-05 11:46:51'),
	(664,58,47,1,'3','2021-04-05 11:46:51','2021-04-05 11:46:51'),
	(665,58,98,1,'2','2021-04-05 11:46:51','2021-04-05 11:46:51'),
	(666,58,138,1,'12','2021-04-05 11:46:51','2021-04-05 11:46:51'),
	(667,58,93,8,'2','2021-04-05 11:46:51','2021-04-05 11:46:51'),
	(668,58,174,1,'1','2021-04-05 11:46:51','2021-04-05 11:46:51'),
	(669,58,659,9,'4','2021-04-05 11:46:51','2021-04-05 11:46:51'),
	(670,58,660,2,'100','2021-04-05 11:46:51','2021-04-05 11:46:51'),
	(671,58,323,5,'1','2021-04-05 11:46:51','2021-04-05 11:46:51'),
	(672,58,101,2,'300','2021-04-05 11:46:51','2021-04-05 11:46:51'),
	(673,58,661,2,'250','2021-04-05 11:46:51','2021-04-05 11:46:51'),
	(674,59,672,2,'500','2021-04-10 14:47:28','2021-04-10 14:47:28'),
	(675,59,4,1,'1','2021-04-10 14:47:28','2021-04-10 14:47:28'),
	(676,59,47,1,'1','2021-04-10 14:47:28','2021-04-10 14:47:28'),
	(677,59,10,5,'1','2021-04-10 14:47:28','2021-04-10 14:47:28'),
	(678,59,11,6,'200','2021-04-10 14:47:28','2021-04-10 14:47:28'),
	(679,59,673,5,'4','2021-04-10 14:47:28','2021-04-10 14:47:28'),
	(680,59,674,5,'4','2021-04-10 14:47:28','2021-04-10 14:47:28'),
	(681,59,144,2,'25','2021-04-10 14:47:28','2021-04-10 14:47:28'),
	(682,59,9,5,'4','2021-04-10 14:47:28','2021-04-10 14:47:28'),
	(683,59,621,1,'1','2021-04-10 14:47:28','2021-04-10 14:47:28'),
	(684,59,675,8,'0.25','2021-04-10 14:47:28','2021-04-10 14:47:28'),
	(685,59,617,8,'0.25','2021-04-10 14:47:28','2021-04-10 14:47:28'),
	(686,59,618,8,'0.25','2021-04-10 14:47:28','2021-04-10 14:47:28'),
	(687,59,60,1,'1','2021-04-10 14:47:28','2021-04-10 14:47:28'),
	(688,60,72,1,'3','2021-04-10 14:49:01','2021-04-10 14:49:01'),
	(689,60,235,1,'1','2021-04-10 14:49:01','2021-04-10 14:49:01'),
	(690,60,144,2,'10','2021-04-10 14:49:01','2021-04-10 14:49:01'),
	(691,60,686,8,'0.25','2021-04-10 14:49:01','2021-04-10 14:49:01'),
	(692,60,687,1,'4','2021-04-10 14:49:01','2021-04-10 14:49:01'),
	(693,61,3,1,'1','2021-04-10 14:51:29','2021-04-10 14:51:29'),
	(694,61,322,1,'4','2021-04-10 14:51:29','2021-04-10 14:51:29'),
	(695,61,323,2,'220','2021-04-10 14:51:29','2021-04-10 14:51:29'),
	(696,61,293,6,'150','2021-04-10 14:51:29','2021-04-10 14:51:29'),
	(697,61,691,1,'1','2021-04-10 14:51:29','2021-04-10 14:51:29'),
	(698,61,692,1,'2','2021-04-10 14:51:29','2021-04-10 14:51:29'),
	(699,61,275,1,'1','2021-04-10 14:51:29','2021-04-10 14:51:29'),
	(700,61,693,6,'15','2021-04-10 14:51:29','2021-04-10 14:51:29'),
	(701,62,699,1,'2','2021-04-10 14:59:52','2021-04-10 14:59:52'),
	(702,62,700,1,'1','2021-04-10 14:59:52','2021-04-10 14:59:52'),
	(703,62,341,5,'2','2021-04-10 14:59:52','2021-04-10 14:59:52'),
	(704,62,259,5,'1','2021-04-10 14:59:52','2021-04-10 14:59:52'),
	(705,62,99,2,'5','2021-04-10 14:59:52','2021-04-10 14:59:52'),
	(706,62,343,1,'1','2021-04-10 14:59:52','2021-04-10 14:59:52'),
	(707,62,356,8,'1','2021-04-10 14:59:52','2021-04-10 14:59:52'),
	(708,62,701,8,'1','2021-04-10 14:59:52','2021-04-10 14:59:52'),
	(709,62,160,1,'0.5','2021-04-10 14:59:52','2021-04-10 14:59:52'),
	(710,62,97,8,'1','2021-04-10 14:59:52','2021-04-10 14:59:52'),
	(711,63,17,2,'500','2021-04-18 11:47:50','2021-04-18 11:47:50'),
	(712,63,144,2,'30','2021-04-18 11:47:50','2021-04-18 11:47:50'),
	(713,63,4,1,'1','2021-04-18 11:47:50','2021-04-18 11:47:50'),
	(714,63,47,1,'3','2021-04-18 11:47:50','2021-04-18 11:47:50'),
	(715,63,223,5,'1','2021-04-18 11:47:50','2021-04-18 11:47:50'),
	(716,63,317,5,'1','2021-04-18 11:47:50','2021-04-18 11:47:50'),
	(717,63,293,6,'200','2021-04-18 11:47:50','2021-04-18 11:47:50'),
	(718,63,329,5,'2','2021-04-18 11:47:50','2021-04-18 11:47:50'),
	(719,63,8,5,'2','2021-04-18 11:47:50','2021-04-18 11:47:50'),
	(720,63,709,5,'1','2021-04-18 11:47:50','2021-04-18 11:47:50'),
	(721,63,101,2,'50','2021-04-18 11:47:50','2021-04-18 11:47:50'),
	(722,64,70,1,'1','2021-04-25 13:03:22','2021-04-25 13:03:22'),
	(723,64,720,1,'1','2021-04-25 13:03:22','2021-04-25 13:03:22'),
	(724,64,5,1,'2','2021-04-25 13:03:22','2021-04-25 13:03:22'),
	(725,64,709,10,'1','2021-04-25 13:03:22','2021-04-25 13:03:22'),
	(726,64,3,1,'1','2021-04-25 13:03:22','2021-04-25 13:03:22'),
	(727,65,725,1,'1','2021-04-25 13:06:28','2021-04-25 13:06:28'),
	(728,65,4,1,'1','2021-04-25 13:06:28','2021-04-25 13:06:28'),
	(729,65,141,1,'1','2021-04-25 13:06:28','2021-04-25 13:06:28'),
	(730,65,726,1,'1','2021-04-25 13:06:28','2021-04-25 13:06:28'),
	(731,65,5,1,'3','2021-04-25 13:06:28','2021-04-25 13:06:28'),
	(732,65,52,10,'1','2021-04-25 13:06:28','2021-04-25 13:06:28'),
	(733,65,727,1,'1','2021-04-25 13:06:28','2021-04-25 13:06:28'),
	(734,65,728,8,'1','2021-04-25 13:06:28','2021-04-25 13:06:28'),
	(735,65,729,8,'1','2021-04-25 13:06:28','2021-04-25 13:06:28'),
	(736,65,60,1,'2','2021-04-25 13:06:28','2021-04-25 13:06:28'),
	(737,65,402,2,'50','2021-04-25 13:06:28','2021-04-25 13:06:28'),
	(738,66,736,9,'2','2021-06-06 12:36:48','2021-06-06 12:36:48'),
	(739,66,4,1,'1','2021-06-06 12:36:48','2021-06-06 12:36:48'),
	(740,66,47,1,'2','2021-06-06 12:36:48','2021-06-06 12:36:48'),
	(741,66,223,8,'0.5','2021-06-06 12:36:48','2021-06-06 12:36:48'),
	(742,66,8,5,'1','2021-06-06 12:36:48','2021-06-06 12:36:48'),
	(743,66,158,9,'1','2021-06-06 12:36:48','2021-06-06 12:36:48'),
	(744,66,476,2,'350','2021-06-06 12:36:48','2021-06-06 12:36:48'),
	(745,66,52,10,'1','2021-06-06 12:36:48','2021-06-06 12:36:48'),
	(746,66,275,10,'1','2021-06-06 12:36:48','2021-06-06 12:36:48'),
	(747,13,89,8,'1','2021-07-26 21:22:28','2021-07-26 21:22:28'),
	(748,13,90,8,'1','2021-07-26 21:22:28','2021-07-26 21:22:28'),
	(749,13,91,8,'0.5','2021-07-26 21:22:28','2021-07-26 21:22:28'),
	(750,13,92,1,'1','2021-07-26 21:22:28','2021-07-26 21:22:28'),
	(751,13,93,8,'1','2021-07-26 21:22:28','2021-07-26 21:22:28'),
	(752,13,94,5,'1','2021-07-26 21:22:28','2021-07-26 21:22:28'),
	(753,13,95,8,'1','2021-07-26 21:22:28','2021-07-26 21:22:28'),
	(754,13,83,2,'400','2021-07-26 21:22:28','2021-07-26 21:22:28'),
	(755,13,96,1,'1','2021-07-26 21:22:28','2021-07-26 21:22:28'),
	(756,67,746,5,'1','2021-09-18 11:29:15','2021-09-18 11:29:15'),
	(757,67,4,1,'1','2021-09-18 11:29:15','2021-09-18 11:29:15'),
	(758,67,47,1,'2','2021-09-18 11:29:15','2021-09-18 11:29:15'),
	(759,67,99,5,'1','2021-09-18 11:29:15','2021-09-18 11:29:15'),
	(760,67,747,5,'3','2021-09-18 11:29:15','2021-09-18 11:29:15'),
	(761,67,748,5,'1','2021-09-18 11:29:15','2021-09-18 11:29:15'),
	(762,67,619,2,'500','2021-09-18 11:29:15','2021-09-18 11:29:15'),
	(763,67,401,9,'1','2021-09-18 11:29:15','2021-09-18 11:29:15'),
	(764,67,476,2,'200','2021-09-18 11:29:15','2021-09-18 11:29:15'),
	(765,67,343,1,'1','2021-09-18 11:29:15','2021-09-18 11:29:15'),
	(766,67,434,2,'50','2021-09-18 11:29:15','2021-09-18 11:29:15'),
	(767,67,749,5,'1','2021-09-18 11:29:15','2021-09-18 11:29:15'),
	(768,68,747,5,'6','2021-09-18 11:37:43','2021-09-18 11:37:43'),
	(769,68,47,1,'2','2021-09-18 11:37:43','2021-09-18 11:37:43'),
	(770,68,99,5,'1','2021-09-18 11:37:43','2021-09-18 11:37:43'),
	(771,68,758,1,'1','2021-09-18 11:37:43','2021-09-18 11:37:43'),
	(772,68,11,6,'250','2021-09-18 11:37:43','2021-09-18 11:37:43'),
	(773,68,401,9,'1','2021-09-18 11:37:43','2021-09-18 11:37:43'),
	(774,68,759,1,'6','2021-09-18 11:37:43','2021-09-18 11:37:43'),
	(775,68,356,5,'1','2021-09-18 11:37:43','2021-09-18 11:37:43'),
	(776,68,701,8,'2','2021-09-18 11:37:43','2021-09-18 11:37:43'),
	(777,68,288,2,'400','2021-09-18 11:37:43','2021-09-18 11:37:43'),
	(778,68,760,2,'150','2021-09-18 11:37:43','2021-09-18 11:37:43'),
	(779,68,235,1,'1','2021-09-18 11:37:43','2021-09-18 11:37:43'),
	(780,68,761,1,'12','2021-09-18 11:37:43','2021-09-18 11:37:43'),
	(781,68,160,1,'1','2021-09-18 11:37:43','2021-09-18 11:37:43'),
	(782,68,97,5,'1','2021-09-18 11:37:43','2021-09-18 11:37:43'),
	(783,68,434,2,'50','2021-09-18 11:37:43','2021-09-18 11:37:43'),
	(784,69,463,2,'175','2021-09-26 15:48:50','2021-09-26 15:48:50'),
	(785,69,72,2,'250','2021-09-26 15:48:50','2021-09-26 15:48:50'),
	(786,69,404,3,'1.25','2021-09-26 15:48:50','2021-09-26 15:48:50'),
	(787,69,774,6,'60','2021-09-26 15:48:50','2021-09-26 15:48:50'),
	(788,69,449,1,'4','2021-09-26 15:48:50','2021-09-26 15:48:50'),
	(789,69,355,1,'2','2021-09-26 15:48:50','2021-09-26 15:48:50'),
	(790,69,775,5,'2','2021-09-26 15:48:50','2021-09-26 15:48:50'),
	(791,69,776,5,'1','2021-09-26 15:48:50','2021-09-26 15:48:50'),
	(792,69,9,5,'1','2021-09-26 15:48:50','2021-09-26 15:48:50'),
	(793,69,60,1,'1','2021-09-26 15:48:50','2021-09-26 15:48:50'),
	(794,69,777,6,'750','2021-09-26 15:48:50','2021-09-26 15:48:50'),
	(795,69,778,6,'100','2021-09-26 15:48:50','2021-09-26 15:48:50'),
	(796,69,317,5,'2','2021-09-26 15:48:50','2021-09-26 15:48:50'),
	(797,69,1,1,'3','2021-09-26 15:48:50','2021-09-26 15:48:50'),
	(798,70,288,2,'700','2021-09-26 15:55:32','2021-09-26 15:55:32'),
	(799,70,248,8,'4','2021-09-26 15:55:32','2021-09-26 15:55:32'),
	(800,70,788,8,'4','2021-09-26 15:55:32','2021-09-26 15:55:32'),
	(801,70,356,8,'4','2021-09-26 15:55:32','2021-09-26 15:55:32'),
	(802,70,341,8,'2','2021-09-26 15:55:32','2021-09-26 15:55:32'),
	(803,70,317,8,'3','2021-09-26 15:55:32','2021-09-26 15:55:32'),
	(804,70,562,8,'0.25','2021-09-26 15:55:32','2021-09-26 15:55:32'),
	(805,70,11,1,'1','2021-09-26 15:55:32','2021-09-26 15:55:32'),
	(806,70,789,5,'1','2021-09-26 15:55:32','2021-09-26 15:55:32'),
	(807,70,169,1,'1','2021-09-26 15:55:32','2021-09-26 15:55:32'),
	(808,70,790,1,'1','2021-09-26 15:55:32','2021-09-26 15:55:32'),
	(809,70,449,1,'2','2021-09-26 15:55:32','2021-09-26 15:55:32'),
	(810,70,791,2,'100','2021-09-26 15:55:32','2021-09-26 15:55:32'),
	(811,70,47,1,'2','2021-09-26 15:55:32','2021-09-26 15:55:32'),
	(812,70,99,8,'2','2021-09-26 15:55:32','2021-09-26 15:55:32'),
	(813,70,168,1,'1','2021-09-26 15:55:32','2021-09-26 15:55:32'),
	(814,70,792,1,'4','2021-09-26 15:55:32','2021-09-26 15:55:32'),
	(815,71,73,2,'150','2021-09-26 15:59:01','2021-09-26 15:59:01'),
	(816,71,805,8,'1','2021-09-26 15:59:01','2021-09-26 15:59:01'),
	(817,71,622,5,'5','2021-09-26 15:59:01','2021-09-26 15:59:01'),
	(818,71,806,5,'2','2021-09-26 15:59:01','2021-09-26 15:59:01'),
	(819,71,74,6,'120','2021-09-26 15:59:01','2021-09-26 15:59:01'),
	(820,71,18,1,'3','2021-09-26 15:59:01','2021-09-26 15:59:01'),
	(821,71,95,2,'130','2021-09-26 15:59:01','2021-09-26 15:59:01'),
	(822,71,355,1,'10','2021-09-26 15:59:01','2021-09-26 15:59:01'),
	(823,71,293,6,'180','2021-09-26 15:59:01','2021-09-26 15:59:01'),
	(824,72,18,1,'3','2021-09-26 16:04:10','2021-09-26 16:04:10'),
	(825,72,814,11,'2','2021-09-26 16:04:10','2021-09-26 16:04:10'),
	(826,72,248,8,'2','2021-09-26 16:04:10','2021-09-26 16:04:10'),
	(827,72,168,1,'3','2021-09-26 16:04:10','2021-09-26 16:04:10'),
	(841,15,139,1,'3','2021-10-27 17:52:06','2021-10-27 17:52:06'),
	(842,15,141,1,'1','2021-10-27 17:52:06','2021-10-27 17:52:06'),
	(843,15,17,2,'250','2021-10-27 17:52:06','2021-10-27 17:52:06'),
	(844,15,4,1,'1','2021-10-27 17:52:06','2021-10-27 17:52:06'),
	(845,15,47,1,'2','2021-10-27 17:52:06','2021-10-27 17:52:06'),
	(846,15,11,2,'300','2021-10-27 17:52:06','2021-10-27 17:52:06'),
	(847,15,74,6,'200','2021-10-27 17:52:06','2021-10-27 17:52:06'),
	(848,15,142,10,'1','2021-10-27 17:52:06','2021-10-27 17:52:06'),
	(849,15,59,5,'2','2021-10-27 17:52:06','2021-10-27 17:52:06'),
	(850,15,143,1,'1','2021-10-27 17:52:06','2021-10-27 17:52:06'),
	(851,15,144,5,'2','2021-10-27 17:52:06','2021-10-27 17:52:06'),
	(852,15,18,1,'1','2021-10-27 17:52:06','2021-10-27 17:52:06'),
	(853,15,52,5,'2','2021-10-27 17:52:06','2021-10-27 17:52:06'),
	(861,79,249,5,'3','2022-03-30 23:01:55','2022-03-30 23:01:55'),
	(862,79,288,3,'3','2022-03-30 23:01:55','2022-03-30 23:01:55'),
	(863,79,248,7,'1.5','2022-03-30 23:01:55','2022-03-30 23:01:55'),
	(864,79,623,7,'0.75','2022-03-30 23:01:55','2022-03-30 23:01:55'),
	(865,79,47,5,'1.5','2022-03-30 23:01:55','2022-03-30 23:01:55'),
	(866,79,60,4,'3','2022-03-30 23:01:55','2022-03-30 23:01:55'),
	(867,79,822,8,'0.5','2022-03-30 23:01:55','2022-03-30 23:01:55'),
	(868,79,341,5,'2','2022-03-30 23:01:55','2022-03-30 23:01:55'),
	(869,81,870,5,'3','2022-03-30 23:08:40','2022-03-30 23:08:40'),
	(870,81,141,1,'1','2022-03-30 23:08:40','2022-03-30 23:08:40'),
	(871,81,4,1,'1','2022-03-30 23:08:40','2022-04-02 22:27:58'),
	(872,81,871,1,'1','2022-03-30 23:08:40','2022-03-30 23:08:40'),
	(873,81,872,1,'1','2022-03-30 23:08:40','2022-03-30 23:08:40'),
	(874,81,72,1,'1','2022-03-30 23:08:40','2022-03-30 23:08:40'),
	(875,81,873,1,'1','2022-03-30 23:08:40','2022-03-30 23:08:40'),
	(876,81,47,4,'1','2022-03-30 23:08:40','2022-03-30 23:08:40'),
	(877,81,128,1,'1','2022-03-30 23:08:40','2022-03-30 23:08:40'),
	(878,81,11,7,'8','2022-03-30 23:08:40','2022-03-30 23:08:40'),
	(879,81,1,3,'1.5','2022-03-30 23:08:40','2022-03-30 23:08:40'),
	(880,81,52,5,'3','2022-03-30 23:08:40','2022-04-02 22:32:55'),
	(881,81,874,5,'2','2022-03-30 23:08:40','2022-03-30 23:08:40'),
	(882,81,156,13,'5','2022-03-30 23:08:40','2022-03-30 23:08:40'),
	(883,81,875,1,'1','2022-03-30 23:08:40','2022-03-30 23:08:40'),
	(884,81,778,1,'1','2022-03-30 23:08:40','2022-03-30 23:08:40'),
	(885,81,876,6,'1','2022-03-30 23:08:40','2022-03-30 23:08:40'),
	(886,81,675,1,'1','2022-03-30 23:08:40','2022-03-30 23:08:40'),
	(887,81,223,1,'1','2022-03-30 23:08:40','2022-03-30 23:08:40'),
	(898,83,910,6,'150','2022-04-02 15:19:45','2022-04-02 15:19:45'),
	(899,83,273,2,'700','2022-04-02 15:19:45','2022-04-02 22:33:51'),
	(900,83,47,1,'10','2022-04-02 15:19:45','2022-04-02 22:26:24'),
	(901,83,99,2,'75','2022-04-02 15:19:45','2022-04-02 15:19:45'),
	(902,83,124,8,'5','2022-04-02 15:19:45','2022-04-02 15:19:45'),
	(903,83,93,8,'1','2022-04-02 15:19:45','2022-04-02 15:19:45'),
	(904,83,291,8,'1','2022-04-02 15:19:45','2022-04-02 15:19:45'),
	(905,83,60,1,'2','2022-04-02 15:19:45','2022-04-02 15:19:45'),
	(906,83,137,3,'1','2022-04-02 15:19:45','2022-04-02 15:19:45'),
	(907,83,920,6,'50','2022-04-02 15:19:45','2022-04-02 15:19:45'),
	(908,83,921,2,'50','2022-04-02 15:19:45','2022-04-02 15:19:45'),
	(909,83,3,1,'1','2022-04-02 15:19:45','2022-04-02 15:19:45'),
	(910,83,97,5,'1','2022-04-02 15:19:45','2022-04-02 22:24:31'),
	(911,83,174,1,'1','2022-04-02 15:19:45','2022-04-02 15:19:45'),
	(912,83,1,1,'1','2022-04-02 15:19:45','2022-04-02 15:19:45'),
	(913,84,933,1,'8','2022-04-02 15:25:07','2022-04-02 15:25:07'),
	(914,84,73,8,'1','2022-04-02 15:25:07','2022-04-02 15:25:07'),
	(915,84,83,2,'70','2022-04-02 15:25:07','2022-04-02 15:25:07'),
	(916,84,89,8,'0.25','2022-04-02 15:25:07','2022-04-02 15:25:07'),
	(917,84,273,1,'1','2022-04-02 15:25:07','2022-04-02 15:25:07'),
	(918,84,47,1,'1','2022-04-02 15:25:07','2022-04-02 15:25:07'),
	(919,84,99,8,'1','2022-04-02 15:25:07','2022-04-02 15:25:07'),
	(920,84,98,1,'2','2022-04-02 15:25:07','2022-04-02 15:25:07'),
	(921,84,124,8,'0.25','2022-04-02 15:25:07','2022-04-02 15:25:07'),
	(922,84,123,8,'0.25','2022-04-02 15:25:07','2022-04-02 15:25:07'),
	(923,84,93,8,'0.25','2022-04-02 15:25:07','2022-04-02 15:25:07'),
	(924,84,271,2,'200','2022-04-02 15:25:07','2022-04-02 15:25:07'),
	(925,84,343,1,'1','2022-04-02 15:25:07','2022-04-02 15:25:07'),
	(926,84,97,10,'1','2022-04-02 15:25:07','2022-04-02 15:25:07'),
	(927,84,291,8,'1','2022-04-02 15:25:07','2022-04-02 15:25:07'),
	(928,84,272,8,'0.25','2022-04-02 15:25:07','2022-04-02 15:25:07'),
	(929,85,949,1,'4','2022-04-02 15:32:05','2022-04-02 15:32:05'),
	(930,85,47,1,'6','2022-04-02 15:32:05','2022-04-02 15:32:05'),
	(931,85,99,5,'4','2022-04-02 15:32:05','2022-04-02 15:32:05'),
	(932,85,950,8,'1','2022-04-02 15:32:05','2022-04-02 15:32:05'),
	(933,85,89,8,'1','2022-04-02 15:32:05','2022-04-02 15:32:05'),
	(934,85,617,8,'1','2022-04-02 15:32:05','2022-04-02 15:32:05'),
	(935,85,176,1,'1','2022-04-02 15:32:05','2022-04-02 15:32:05'),
	(936,85,97,10,'5','2022-04-02 15:32:05','2022-04-02 15:32:05'),
	(937,85,291,8,'1','2022-04-02 15:32:05','2022-04-02 15:32:05'),
	(938,85,921,2,'4','2022-04-02 15:32:05','2022-04-02 15:32:05'),
	(939,85,343,1,'3','2022-04-02 15:32:05','2022-04-02 15:32:05'),
	(940,85,160,1,'1','2022-04-02 15:32:05','2022-04-02 15:32:05'),
	(941,85,98,1,'1','2022-04-02 15:32:05','2022-04-02 15:32:05'),
	(942,86,82,2,'250','2022-04-02 15:37:31','2022-04-02 15:37:31'),
	(943,86,89,8,'0.25','2022-04-02 15:37:31','2022-04-02 15:37:31'),
	(944,86,617,8,'0.25','2022-04-02 15:37:31','2022-04-02 15:37:31'),
	(945,86,618,8,'0.25','2022-04-02 15:37:31','2022-04-02 15:37:31'),
	(946,86,144,2,'12','2022-04-02 15:37:31','2022-04-02 15:37:31'),
	(947,86,168,1,'3','2022-04-02 15:37:31','2022-04-02 15:37:31'),
	(948,86,97,10,'2','2022-04-02 15:37:31','2022-04-02 15:37:31'),
	(949,86,98,1,'2','2022-04-02 15:37:31','2022-04-02 15:37:31'),
	(950,86,343,1,'2','2022-04-02 15:37:31','2022-04-02 15:37:31'),
	(951,86,962,8,'1','2022-04-02 15:37:31','2022-04-02 15:37:31'),
	(952,87,972,2,'700','2022-04-02 15:44:55','2022-04-02 15:44:55'),
	(953,87,47,1,'3','2022-04-02 15:44:55','2022-04-02 15:44:55'),
	(954,87,973,6,'100','2022-04-02 15:44:55','2022-04-02 15:44:55'),
	(955,87,392,1,'12','2022-04-02 15:44:55','2022-04-02 15:44:55'),
	(956,87,343,1,'1','2022-04-02 15:44:55','2022-04-02 15:44:55'),
	(957,87,4,1,'1','2022-04-02 15:44:55','2022-04-02 15:44:55'),
	(958,87,97,10,'5','2022-04-02 15:44:55','2022-04-02 15:44:55'),
	(959,87,974,9,'1','2022-04-02 15:44:55','2022-04-02 15:44:55'),
	(960,87,96,1,'1','2022-04-02 15:44:55','2022-04-02 22:29:00'),
	(961,87,975,1,'2','2022-04-02 15:44:55','2022-04-02 15:44:55'),
	(962,87,976,1,'10','2022-04-02 15:44:55','2022-04-02 15:44:55'),
	(963,82,96,1,'2','2022-04-02 15:56:22','2022-04-02 22:29:00'),
	(964,82,909,8,'2','2022-04-02 15:56:22','2022-04-02 15:56:22'),
	(965,82,98,1,'1','2022-04-02 15:56:22','2022-04-02 15:56:22'),
	(966,82,97,10,'5','2022-04-02 15:56:22','2022-04-02 15:56:22'),
	(967,82,273,1,'0.5','2022-04-02 15:56:22','2022-04-02 15:56:22'),
	(968,82,93,8,'0.5','2022-04-02 15:56:22','2022-04-02 15:56:22'),
	(969,82,124,10,'1','2022-04-02 15:56:22','2022-04-02 15:56:22'),
	(970,82,18,1,'4','2022-04-02 15:56:22','2022-04-02 15:56:22'),
	(971,82,338,1,'2','2022-04-02 15:56:22','2022-04-02 15:56:22'),
	(972,51,524,1,'1','2022-04-10 15:39:05','2022-04-10 15:39:05'),
	(973,51,1,1,'3','2022-04-10 15:39:05','2022-04-10 15:39:05'),
	(974,51,525,1,'1','2022-04-10 15:39:05','2022-04-10 15:39:05'),
	(975,51,70,1,'1','2022-04-10 15:39:05','2022-04-10 15:39:05'),
	(976,51,3,1,'1','2022-04-10 15:39:05','2022-04-10 15:39:05'),
	(977,51,10,1,'1','2022-04-10 15:39:05','2022-04-10 15:39:05'),
	(978,51,9,1,'1','2022-04-10 15:39:05','2022-04-10 15:39:05'),
	(979,12,47,1,'2','2022-05-04 15:38:49','2022-05-04 15:38:49'),
	(980,12,4,1,'2','2022-05-04 15:38:49','2022-05-04 15:38:49'),
	(981,12,80,1,'8','2022-05-04 15:38:49','2022-05-04 15:38:49'),
	(982,12,158,9,'1','2022-05-04 15:38:49','2022-05-04 15:38:49'),
	(983,12,11,6,'200','2022-05-04 15:38:49','2022-05-04 15:38:49'),
	(984,12,81,6,'150','2022-05-04 15:38:49','2022-05-04 15:38:49'),
	(985,12,82,2,'500','2022-05-04 15:38:49','2022-05-04 15:38:49'),
	(986,12,7,5,'1','2022-05-04 15:38:49','2022-05-04 15:38:49'),
	(987,12,83,2,'300','2022-05-04 15:38:49','2022-05-04 15:38:49'),
	(996,88,1008,2,'200','2022-06-01 12:47:50','2022-06-01 12:47:50'),
	(997,88,160,1,'1','2022-06-01 12:47:50','2022-06-01 12:47:50'),
	(998,88,99,2,'10','2022-06-01 12:47:50','2022-06-01 12:47:50'),
	(999,88,47,1,'1','2022-06-01 12:47:50','2022-06-01 12:47:50'),
	(1000,88,341,5,'1','2022-06-01 12:47:50','2022-06-01 12:47:50'),
	(1001,88,1009,5,'1','2022-06-01 12:47:50','2022-06-01 12:47:50'),
	(1002,88,248,5,'1','2022-06-01 12:47:50','2022-06-01 12:47:50'),
	(1003,88,788,5,'1','2022-06-01 12:47:50','2022-06-01 12:47:50'),
	(1004,88,1016,11,'1','2022-06-01 12:47:50','2022-06-01 12:47:50'),
	(1005,88,700,11,'1','2022-06-01 12:47:50','2022-06-01 12:47:50'),
	(1006,88,1017,11,'1','2022-06-01 12:47:50','2022-06-01 12:47:50'),
	(1007,89,1027,1,'1','2022-06-01 12:55:39','2022-06-01 12:55:39'),
	(1008,89,142,8,'1','2022-06-01 12:55:39','2022-06-01 12:55:39'),
	(1009,89,973,1,'1','2022-06-01 12:55:39','2022-06-01 12:55:39'),
	(1010,89,776,8,'1','2022-06-01 12:55:39','2022-06-01 12:55:39'),
	(1011,89,10,5,'1','2022-06-01 12:55:39','2022-06-01 12:55:39'),
	(1012,89,674,5,'1','2022-06-01 12:55:39','2022-06-01 12:55:39'),
	(1013,89,47,1,'15','2022-06-01 12:55:39','2022-06-01 12:55:39'),
	(1014,89,52,11,'1','2022-06-01 12:55:39','2022-06-01 12:55:39'),
	(1015,89,3,1,'1','2022-06-01 12:55:39','2022-06-01 12:55:39'),
	(1016,89,1028,8,'1','2022-06-01 12:55:39','2022-06-01 12:55:39'),
	(1017,89,1029,8,'1','2022-06-01 12:55:39','2022-06-01 12:55:39'),
	(1018,89,909,6,'100','2022-06-01 12:55:39','2022-06-01 12:55:39'),
	(1019,89,225,5,'1','2022-06-01 12:55:39','2022-06-01 12:55:39'),
	(1020,93,216,1,'1','2022-08-07 10:52:21','2022-08-07 10:52:21'),
	(1021,93,235,11,'1','2022-08-07 10:52:21','2022-08-07 10:52:21'),
	(1022,93,82,2,'200','2022-08-07 10:52:21','2022-08-07 10:52:21'),
	(1023,93,48,11,'1','2022-08-07 10:52:21','2022-08-07 10:52:21'),
	(1024,93,18,1,'4','2022-08-07 10:52:21','2022-08-07 10:52:21'),
	(1025,93,1040,2,'200','2022-08-07 10:52:21','2022-08-07 10:52:21'),
	(1026,93,219,6,'50','2022-08-07 10:52:21','2022-08-07 10:52:21'),
	(1027,94,909,5,'1','2022-11-20 11:19:28','2022-11-20 11:19:28'),
	(1028,94,1041,1,'2','2022-11-20 11:19:28','2022-11-20 11:19:28'),
	(1029,94,1042,1,'6','2022-11-20 11:19:28','2022-11-20 11:19:28'),
	(1030,94,223,8,'1','2022-11-20 11:19:28','2022-11-20 11:19:28'),
	(1031,94,1043,2,'250','2022-11-20 11:19:28','2022-11-20 11:19:28'),
	(1032,94,11,6,'600','2022-11-20 11:19:28','2022-11-20 11:19:28'),
	(1033,94,168,1,'4','2022-11-20 11:19:28','2022-11-20 11:19:28'),
	(1034,94,1044,1,'2','2022-11-20 11:19:28','2022-11-20 11:19:28'),
	(1035,94,273,1,'1','2022-11-20 11:19:28','2022-11-20 11:19:28'),
	(1036,94,169,1,'1','2022-11-20 11:19:28','2022-11-20 11:19:28'),
	(1037,94,52,2,'25','2022-11-20 11:19:28','2022-11-20 11:19:28'),
	(1038,94,81,1,'1','2022-11-20 11:19:28','2022-11-20 11:19:28'),
	(1039,98,1053,3,'2','2022-11-20 12:41:01','2022-11-20 12:41:01'),
	(1040,98,5,1,'4','2022-11-20 12:41:01','2022-11-20 12:41:01'),
	(1041,98,4,1,'3','2022-11-20 12:41:01','2022-11-20 12:41:01'),
	(1042,98,449,1,'3','2022-11-20 12:41:01','2022-11-20 12:41:01'),
	(1043,98,1054,6,'500','2022-11-20 12:41:01','2022-11-20 12:41:01'),
	(1044,98,10,1,'1','2022-11-20 12:41:01','2022-11-20 12:41:01'),
	(1045,98,60,1,'3','2022-11-20 12:41:01','2022-11-20 12:41:01'),
	(1046,98,1,3,'1','2022-11-20 12:41:01','2022-11-20 12:41:01'),
	(1056,99,2,2,'800','2023-01-14 14:39:16','2023-01-14 14:39:16'),
	(1057,99,70,2,'800','2023-01-14 14:39:16','2023-01-14 14:39:16'),
	(1058,99,4,1,'1','2023-01-14 14:39:16','2023-01-14 14:39:16'),
	(1059,99,18,1,'1','2023-01-14 14:39:16','2023-01-14 14:39:16'),
	(1060,99,101,2,'100','2023-01-14 14:39:16','2023-01-14 14:39:16'),
	(1061,99,709,11,'1','2023-01-14 14:39:16','2023-01-14 14:39:16'),
	(1062,99,11,7,'1.5','2023-01-14 14:39:16','2023-01-14 14:39:16'),
	(1063,99,8,5,'2','2023-01-14 14:39:16','2023-01-14 14:39:16'),
	(1064,99,59,5,'1','2023-01-14 14:39:16','2023-01-14 14:39:16'),
	(1065,99,1,2,'500','2023-01-14 14:39:16','2023-01-14 14:39:16'),
	(1066,99,235,11,'1','2023-01-14 14:39:16','2023-01-14 14:39:16'),
	(1067,100,83,2,'320','2023-03-05 13:36:27','2023-03-05 13:36:27'),
	(1068,100,51,2,'250','2023-03-05 13:36:27','2023-03-05 13:36:27'),
	(1069,100,1055,2,'20','2023-03-05 13:36:27','2023-03-05 13:36:27'),
	(1070,100,1041,1,'2','2023-03-05 13:36:27','2023-03-05 13:36:27'),
	(1071,100,16,5,'2','2023-03-05 13:36:27','2023-03-05 13:36:27'),
	(1072,100,909,5,'3','2023-03-05 13:36:27','2023-03-05 13:36:27'),
	(1073,100,12,2,'300','2023-03-05 13:36:27','2023-03-05 13:36:27'),
	(1074,100,225,5,'1','2023-03-05 13:36:27','2023-03-05 13:36:27'),
	(1075,100,342,5,'2','2023-03-05 13:36:27','2023-03-05 13:36:27'),
	(1076,100,3,1,'1','2023-03-05 13:36:27','2023-03-05 13:36:27'),
	(1077,101,1065,2,'500','2023-03-05 13:39:27','2023-03-05 13:39:27'),
	(1078,101,1066,1,'2','2023-03-05 13:39:27','2023-03-05 13:39:27'),
	(1079,101,273,1,'1','2023-03-05 13:39:27','2023-03-05 13:39:27'),
	(1080,101,1067,2,'95','2023-03-05 13:39:27','2023-03-05 13:39:27'),
	(1081,101,158,9,'2','2023-03-05 13:39:27','2023-03-05 13:39:27'),
	(1082,101,1068,2,'600','2023-03-05 13:39:27','2023-03-05 13:39:27'),
	(1083,101,275,10,'1','2023-03-05 13:39:27','2023-03-05 13:39:27'),
	(1084,102,910,5,'2','2023-03-05 13:42:51','2023-03-05 13:42:51'),
	(1085,102,99,2,'15','2023-03-05 13:42:51','2023-03-05 13:42:51'),
	(1086,102,5,1,'2','2023-03-05 13:42:51','2023-03-05 13:42:51'),
	(1087,102,248,8,'1','2023-03-05 13:42:51','2023-03-05 13:42:51'),
	(1088,102,1072,1,'2','2023-03-05 13:42:51','2023-03-05 13:42:51'),
	(1089,102,1073,1,'2','2023-03-05 13:42:51','2023-03-05 13:42:51'),
	(1090,102,1074,2,'250','2023-03-05 13:42:51','2023-03-05 13:42:51'),
	(1091,102,726,1,'1','2023-03-05 13:42:51','2023-03-05 13:42:51'),
	(1092,102,619,1,'1','2023-03-05 13:42:51','2023-03-05 13:42:51'),
	(1093,102,168,1,'2','2023-03-05 13:42:51','2023-03-05 13:42:51'),
	(1094,102,1075,2,'90','2023-03-05 13:42:51','2023-03-05 13:42:51'),
	(1095,106,1083,2,'175','2023-03-05 13:48:43','2023-03-05 13:48:43'),
	(1096,106,47,1,'2','2023-03-05 13:48:43','2023-03-05 13:48:43'),
	(1097,106,99,2,'20','2023-03-05 13:48:43','2023-03-05 13:48:43'),
	(1098,106,1084,2,'15','2023-03-05 13:48:43','2023-03-05 13:48:43'),
	(1099,106,317,2,'10','2023-03-05 13:48:43','2023-03-05 13:48:43'),
	(1100,106,124,8,'0.25','2023-03-05 13:48:43','2023-03-05 13:48:43'),
	(1101,106,1097,8,'0.5','2023-03-05 13:48:43','2023-03-05 13:48:43'),
	(1110,107,1111,1,'1','2023-04-04 09:35:42','2023-04-04 09:35:42'),
	(1111,107,127,5,'1','2023-04-04 09:35:42','2023-04-04 09:35:42'),
	(1112,107,126,5,'1','2023-04-04 09:35:42','2023-04-04 09:35:42'),
	(1113,107,1112,5,'1','2023-04-04 09:35:42','2023-04-04 09:35:42'),
	(1114,107,356,5,'2','2023-04-04 09:35:42','2023-04-04 09:35:42'),
	(1115,107,1113,5,'1','2023-04-04 09:35:42','2023-04-04 09:35:42'),
	(1116,107,1114,8,'1','2023-04-04 09:35:42','2023-04-04 09:35:42'),
	(1117,107,1115,12,'1','2023-04-04 09:35:42','2023-04-04 09:35:42'),
	(1118,107,1119,11,'1','2023-04-04 09:35:42','2023-04-04 09:35:42'),
	(1119,107,70,1,'1','2023-04-04 09:35:42','2023-04-04 09:35:42'),
	(1120,107,5,1,'2','2023-04-04 09:35:42','2023-04-04 09:35:42'),
	(1121,107,25,5,'2','2023-04-04 09:35:42','2023-04-04 09:35:42'),
	(1122,14,137,2,'800','2023-04-15 14:52:16','2023-04-15 14:52:16'),
	(1123,14,138,5,'1','2023-04-15 14:52:16','2023-04-15 14:52:16'),
	(1124,14,89,8,'2','2023-04-15 14:52:16','2023-04-15 14:52:16'),
	(1125,14,617,8,'4','2023-04-15 14:52:16','2023-04-15 14:52:16'),
	(1126,14,90,8,'2','2023-04-15 14:52:16','2023-04-15 14:52:16'),
	(1127,14,1131,8,'1','2023-04-15 14:52:16','2023-04-15 14:52:16'),
	(1128,14,618,8,'2','2023-04-15 14:52:16','2023-04-15 14:52:16'),
	(1129,14,1132,8,'2','2023-04-15 14:52:16','2023-04-15 14:52:16'),
	(1130,14,72,1,'3','2023-04-15 14:52:16','2023-04-15 14:52:16'),
	(1131,14,99,5,'2','2023-04-15 14:52:16','2023-04-15 14:52:16'),
	(1132,14,47,1,'5','2023-04-15 14:52:16','2023-04-15 14:52:16'),
	(1133,14,96,1,'2','2023-04-15 14:52:16','2023-04-15 14:52:16'),
	(1134,108,1143,2,'300','2023-04-15 14:54:29','2023-04-15 14:54:29'),
	(1135,108,47,1,'4','2023-04-15 14:54:29','2023-04-15 14:54:29'),
	(1136,108,99,5,'2','2023-04-15 14:54:29','2023-04-15 14:54:29'),
	(1137,108,8,2,'70','2023-04-15 14:54:29','2023-04-15 14:54:29'),
	(1138,108,124,8,'0.5','2023-04-15 14:54:29','2023-04-15 14:54:29'),
	(1139,108,291,8,'0.5','2023-04-15 14:54:29','2023-04-15 14:54:29'),
	(1140,108,806,2,'90','2023-04-15 14:54:29','2023-04-15 14:54:29'),
	(1141,108,293,2,'90','2023-04-15 14:54:29','2023-04-15 14:54:29'),
	(1142,109,47,1,'3','2023-06-18 14:55:15','2023-06-18 14:55:15'),
	(1143,109,141,1,'1','2023-06-18 14:55:15','2023-06-18 14:55:15'),
	(1144,109,60,1,'2','2023-06-18 14:55:15','2023-06-18 14:55:15'),
	(1145,109,160,1,'1','2023-06-18 14:55:15','2023-06-18 14:55:15'),
	(1146,109,22,2,'200','2023-06-18 14:55:15','2023-06-18 14:55:15'),
	(1147,109,158,9,'1','2023-06-18 14:55:15','2023-06-18 14:55:15'),
	(1148,109,8,5,'1','2023-06-18 14:55:15','2023-06-18 14:55:15'),
	(1149,109,1114,5,'1','2023-06-18 14:55:15','2023-06-18 14:55:15'),
	(1150,109,222,2,'250','2023-06-18 14:55:15','2023-06-18 14:55:15'),
	(1151,109,52,10,'1','2023-06-18 14:55:15','2023-06-18 14:55:15'),
	(1152,109,617,8,'1','2023-06-18 14:55:15','2023-06-18 14:55:15');

/*!40000 ALTER TABLE `part` ENABLE KEYS */;
UNLOCK TABLES;


# Dump of table recipe
# ------------------------------------------------------------

DROP TABLE IF EXISTS `recipe`;

CREATE TABLE `recipe` (
  `id` int(11) NOT NULL AUTO_INCREMENT,
  `name` varchar(255) NOT NULL,
  `created_at` datetime NOT NULL DEFAULT CURRENT_TIMESTAMP,
  `updated_at` datetime NOT NULL DEFAULT CURRENT_TIMESTAMP ON UPDATE CURRENT_TIMESTAMP,
  `slug` varchar(60) NOT NULL,
  `remote_url` varchar(255) DEFAULT NULL,
  `account_id` int(11) DEFAULT NULL,
  `notes` text,
  PRIMARY KEY (`id`),
  KEY `idx_recipe_slug` (`slug`)
) ENGINE=InnoDB DEFAULT CHARSET=utf8;

LOCK TABLES `recipe` WRITE;
/*!40000 ALTER TABLE `recipe` DISABLE KEYS */;

INSERT INTO `recipe` (`id`, `name`, `created_at`, `updated_at`, `slug`, `remote_url`, `account_id`, `notes`)
VALUES
	(1,'Shepherds Pie','2020-06-07 14:53:40','2021-12-19 16:56:15','shepherds-pie','https://www.thecoast.net.nz/life/food-recipes/gordon-ramsay-s-shepherds-pie/',1,NULL),
	(2,'Spaghetti Bolognese','2020-06-08 22:59:32','2022-03-26 17:30:25','spaghetti-bolognese',NULL,1,''),
	(3,'Pea and Pancetta Risotto','2020-06-14 11:52:37','2022-03-26 17:30:25','pea-and-pancetta-risotto',NULL,1,''),
	(4,'Chilli Con Carne','2020-06-14 11:58:43','2022-03-26 17:30:25','chilli-con-carne',NULL,1,''),
	(5,'Kotlety','2020-06-14 12:04:09','2022-03-26 17:30:25','kotlety',NULL,1,''),
	(6,'Sausage and Mash','2020-06-14 21:38:18','2022-03-26 17:30:25','sausage-and-mash',NULL,1,''),
	(7,'Fish Pie','2020-06-14 21:46:57','2022-03-26 17:30:25','fish-pie',NULL,1,''),
	(8,'Pork and Chorizo Burgers','2020-06-14 22:38:06','2022-03-26 17:30:25','pork-and-chorizo-burgers',NULL,1,''),
	(9,'Pasta with Beans and Kale','2020-06-20 12:12:15','2022-03-26 17:30:25','pasta-with-beans-and-kale',NULL,1,''),
	(10,'Spaghetti and Meatballs','2020-06-20 12:17:37','2021-12-19 16:56:15','spaghetti-and-meatballs','https://natashaskitchen.com/spaghetti-and-meatballs-recipe/',1,NULL),
	(11,'Roast Beef','2020-06-20 12:22:39','2022-03-26 17:30:25','roast-beef',NULL,1,''),
	(12,'Sausage, Pea and Potato Casserole','2020-06-20 12:26:17','2022-05-04 15:38:49','sausage-pea-and-potato-casserole','https://www.copymethat.com/r/SfHS1a8Xl/sausage-pea-and-potato-casserole/',1,''),
	(13,'Pea and Cauliflower Curry','2020-06-20 12:30:52','2021-12-19 16:56:15','pea-and-cauliflower-curry','https://sheerluxe.com/recipes/pea-and-cauliflower-curry',1,NULL),
	(14,'Lamb Bhuna','2020-06-21 22:48:36','2023-04-15 14:52:16','lamb-bhuna','Madhur Jaffrey',1,''),
	(15,'Chicken, Leek & Mushroom Pie','2020-07-05 11:44:07','2021-12-19 16:56:15','chicken-leek-mushroom-pie','https://www.bbc.co.uk/food/recipes/chickenandmushroompi_89034',1,NULL),
	(16,'Duck with Cabbage','2020-07-05 11:47:16','2022-03-26 17:30:25','duck-with-cabbage',NULL,1,''),
	(17,'Pea and Pancetta Pasta','2020-07-11 10:50:47','2022-03-26 17:30:25','pea-&-pancetta-pasta',NULL,1,''),
	(18,'Fish Cakes','2020-07-11 11:50:29','2022-03-26 17:30:25','fish-cakes',NULL,1,''),
	(19,'Chicken Korma','2020-07-11 12:01:48','2022-03-26 17:30:25','chicken-korma',NULL,1,'Madhur Jaffrey book'),
	(20,'Nicoise Salad','2020-07-19 12:50:59','2021-12-19 16:56:15','nicoise-salad','https://www.bbc.co.uk/food/recipes/saladenicoise_6572',1,NULL),
	(21,'Prawn & Chorizo Paella','2020-07-19 12:56:18','2021-12-19 16:56:15','prawn-&-chorizo-paella','https://www.foxandbriar.com/shrimp-chorizo-paella/',1,NULL),
	(22,'Pan Fried Salmon','2020-07-19 12:58:03','2022-03-26 17:30:25','pan-fried-salmon',NULL,1,''),
	(23,'Chicken and Chorizo Salad','2020-07-26 10:57:54','2022-03-26 17:30:25','chicken-and-chorizo-salad',NULL,1,''),
	(24,'Sticky Garlic Chicken Bites','2020-07-26 11:02:20','2021-12-19 16:56:15','sticky-garlic-chicken-bites','https://tasty.co/recipe/sticky-garlic-chicken-bites',1,NULL),
	(25,'Lamb Kofta and Salad','2020-07-26 11:13:05','2021-12-19 16:56:15','lamb-kofta-and-salad','https://www.recipetineats.com/lamb-koftas-yoghurt-dressing-2/',1,NULL),
	(26,'Butter Chicken','2020-07-26 11:28:38','2021-12-19 16:56:15','butter-chicken','http://maunikagowardhan.co.uk/cook-in-a-curry/tandoori-chicken-tikka-barbecue-chicken-cooked-in-a-chilli-garlic-marinade/,  https://maunikagowardhan.co.uk/cook-in-a-curry/butter-chicken-murgh-makhani-chicken-cooked-in-a-spiced-tomato-gravy/',1,NULL),
	(27,'Rack of Lamb','2020-07-26 11:33:39','2022-03-26 17:30:25','rack-of-lamb',NULL,1,''),
	(28,'Almond Chicken (migdaowe)','2020-07-26 11:39:12','2022-03-26 17:30:25','almond-chicken',NULL,1,''),
	(29,'French Macarons','2020-07-26 11:40:53','2022-03-26 17:30:25','french-macarons',NULL,1,''),
	(30,'Seared Pork Chops With Mushrooms','2020-07-26 11:45:29','2022-03-26 17:30:25','seared-pork-chops-with-mushrooms',NULL,1,''),
	(31,'Prawn French Toast ','2020-07-26 11:50:23','2022-03-26 17:30:25','prawn-french-toast-',NULL,1,'Marcus Wareing Book'),
	(32,'Smartie Cookies','2020-07-26 11:51:50','2022-03-26 17:30:25','smartie-cookies',NULL,1,''),
	(33,'Apple Crumble','2020-07-26 11:55:16','2021-12-19 16:56:15','apple-crumble','https://www.bbcgoodfood.com/recipes/vegan-apple-crumble',1,NULL),
	(34,'Roast Glazed Ham','2020-07-26 11:59:42','2022-03-26 17:30:25','roast-glazed-ham',NULL,1,''),
	(35,'Full English Breakfast Cups','2020-07-26 12:04:11','2022-03-26 17:30:25','full-english-breakfast-cups',NULL,1,''),
	(36,'Chicken Tacos','2020-10-04 11:45:28','2021-12-19 16:56:15','chicken-tacos','https://carlsbadcravings.com/easy-slow-cooker-shredded-mexican-chicken-recipe/',1,NULL),
	(37,'Singapore Laksa','2020-10-18 11:19:06','2022-03-26 17:30:25','singapore-laksa',NULL,1,''),
	(38,'Baked Nduja Rigatoni','2020-10-18 11:34:59','2021-12-19 16:56:15','baked-nduja-rigatoni','https://www.channel4.com/programmes/sunday-brunch/articles/latest-recipes/baked-rigatoni-with-nduja-rago/6156',1,NULL),
	(39,'Mushroom Ravioli','2020-10-24 14:34:47','2021-12-19 16:56:15','mushroom-ravioli','https://www.insidetherustickitchen.com/mushroom-ravioli (ish)',1,NULL),
	(40,'Chicken katsu curry','2020-10-24 14:50:22','2021-12-19 16:56:15','chicken-katsu-curry','https://www.instagram.com/p/CCQngooD1Lz/',1,NULL),
	(41,'Mushroom Soup','2021-01-10 15:20:57','2021-12-19 16:56:15','mushroom-soup','https://www.bbcgoodfood.com/recipes/mushroom-soup',1,NULL),
	(42,'Lasagne (Dairy Free)','2021-01-10 15:25:07','2021-12-19 16:56:15','lasagne-(dairy-free)','https://www.waitrose.com/home/recipes/recipe_directory/d/dairy-and-glutenfreelasagne.html',1,NULL),
	(43,'Chicken Fricassee','2021-01-16 16:59:21','2021-12-19 16:56:15','chicken-fricassee','https://goodyfoodies.blogspot.com/2014/08/recipe-chicken-fricassee-gordon-ramsay.html',1,NULL),
	(44,'Fresh Egg Pasta','2021-01-16 17:00:27','2021-12-19 16:56:15','fresh-egg-pasta','https://www.saltfatacidheat.com/fat/pasta-alluovo',1,NULL),
	(45,'Pasta with Prawns and Spinach','2021-01-16 17:04:00','2021-12-19 16:56:15','pasta-with-prawns-and-spinach','https://tasty.co/recipe/one-pot-lemon-garlic-shrimp-pasta',1,NULL),
	(49,'Bagels','2021-02-14 14:33:44','2021-12-19 16:56:15','bagels','https://www.sophisticatedgourmet.com/2009/10/new-york-style-bagel-recipe/',1,NULL),
	(50,'Pizzas','2021-02-14 15:05:56','2021-12-19 16:56:15','pizzas','https://anitalianinmykitchen.com/best-pizza-dough/',1,NULL),
	(51,'Roast Chicken','2021-02-28 13:31:21','2022-04-10 15:39:05','roast-chicken','https://www.epicurious.com/recipes/food/views/my-favorite-simple-roast-chicken-231348',1,''),
	(52,'Yorkshire Puddings','2021-02-28 13:32:36','2021-12-19 16:56:15','yorkshire-puddings','https://www.gordonramsayrestaurants.com/recipes/yorkshire-puddings/',1,NULL),
	(54,'Korean Fried Chicken w/ Slaw','2021-03-20 13:04:12','2021-12-19 16:56:15','korean-fried-chicken-w/-slaw','https://app.yeschef.me/class/c01/lesson/1',1,NULL),
	(55,'Duck breast with cabbage, beetroot and sweet potato','2021-03-20 13:34:42','2021-12-19 16:56:15','duck-breast-with-cabbage,-beetroot-and-sweet-potato','https://www.greatbritishchefs.com/recipes/duck-breast-recipe-lavender-beetroot-sweet-potato',1,NULL),
	(56,'Dairy Free Strawberry Tart','2021-03-20 13:44:17','2021-12-19 16:56:15','dairy-free-strawberry-tart','https://www.bbcgoodfood.com/recipes/strawberry-tart',1,NULL),
	(57,'Teriyaki Chicken','2021-03-20 13:47:46','2021-12-19 16:56:15','teriyaki-chicken','https://www.bbcgoodfood.com/recipes/easy-teriyaki-chicken',1,NULL),
	(58,'Sweet Potato Curry','2021-04-05 11:46:51','2022-03-26 17:30:25','sweet-potato-curry',NULL,1,'Mildreds recipe book'),
	(59,'Pork Fillet with Cabbage','2021-04-10 14:47:28','2022-03-26 17:30:25','pork-fillet-with-cabbage',NULL,1,'Marcus Wareing Book'),
	(60,'Green Bean and Bacon Salad','2021-04-10 14:49:01','2022-03-26 17:30:25','green-bean-and-bacon-salad',NULL,1,'Marcus Wareing Book'),
	(61,'Passion Fruit Pavlova','2021-04-10 14:51:29','2022-03-26 17:30:25','passion-fruit-pavlova',NULL,1,'Marcus Wareing Book'),
	(62,'Sirloin Steak with Broccoli','2021-04-10 14:59:52','2022-03-26 17:30:25','sirloin-steak-with-broccoli',NULL,1,'Marcus Wareing Book'),
	(63,'Mushroom Strogranoff','2021-04-18 11:47:50','2022-03-26 17:30:25','mushroom-strogranoff',NULL,1,'Mildreds Recipe Book'),
	(64,'Surowka','2021-04-25 13:03:22','2021-12-19 16:56:15','surowka','https://www.kwestiasmaku.com/przepis/surowka-z-mlodej-kapusty',1,NULL),
	(65,'Roso','2021-04-25 13:06:28','2022-03-26 17:30:25','roso',NULL,1,''),
	(66,'Gigantes with tomatoes and greens','2021-06-06 12:36:48','2021-12-19 16:56:15','gigantes-with-tomatoes-and-greens','https://www.bbc.co.uk/food/recipes/gigantes_with_tomatoes_47546/amp',1,NULL),
	(67,'Satay Sweet Potato Curry','2021-09-18 11:29:15','2021-12-19 16:56:15','satay-sweet-potato-curry','https://www.bbcgoodfood.com/recipes/satay-sweet-potato-curry',1,NULL),
	(68,'Thai Red Curry','2021-09-18 11:37:43','2021-12-19 16:56:15','thai-red-curry','https://www.recipetineats.com/thai-red-curry-with-chicken/',1,NULL),
	(69,'Pork Casserole','2021-09-26 15:48:50','2021-12-19 16:56:15','pork-casserole','https://www.lecreuset.ie/en_IE/en_IE/normandy-pork-casserole-with-apple-brandy/r0000000001383.html',1,NULL),
	(70,'Kung Pao Chicken','2021-09-26 15:55:32','2021-12-19 16:56:15','kung-pao-chicken','https://www.seriouseats.com/takeout-style-kung-pao-chicken-diced-chicken-peppers-peanuts-recipe',1,NULL),
	(71,'Gteau Invisible','2021-09-26 15:59:01','2021-12-19 16:56:15','gteau-invisible','https://www.seriouseats.com/gateau-invisible',1,NULL),
	(72,'Egg Fried Rice','2021-09-26 16:04:10','2021-12-19 16:56:15','egg-fried-rice','https://www.seriouseats.com/perfect-egg-fried-rice',1,NULL),
	(74,'Adobo Chicken','2022-03-30 23:01:16','2022-03-30 23:01:16','adobo-chicken','https://www.allrecipes.com/recipe/45580/grilled-chicken-adobo/',5,'Fan Favorite. Relatively quick and easy to make. Serve with rice and another side.'),
	(75,'Adobo Chicken','2022-03-30 23:01:18','2022-03-30 23:01:18','adobo-chicken','https://www.allrecipes.com/recipe/45580/grilled-chicken-adobo/',5,'Fan Favorite. Relatively quick and easy to make. Serve with rice and another side.'),
	(76,'Adobo Chicken','2022-03-30 23:01:23','2022-03-30 23:01:23','adobo-chicken','https://www.allrecipes.com/recipe/45580/grilled-chicken-adobo/',5,'Fan Favorite. Relatively quick and easy to make. Serve with rice and another side.'),
	(77,'Adobo Chicken','2022-03-30 23:01:24','2022-03-30 23:01:24','adobo-chicken','https://www.allrecipes.com/recipe/45580/grilled-chicken-adobo/',5,'Fan Favorite. Relatively quick and easy to make. Serve with rice and another side.'),
	(78,'Adobo Chicken','2022-03-30 23:01:47','2022-03-30 23:01:47','adobo-chicken','https://www.allrecipes.com/recipe/45580/grilled-chicken-adobo/',5,'Fan Favorite. Relatively quick and easy to make. Serve with rice and another side.'),
	(79,'Adobo Chicken','2022-03-30 23:01:55','2022-03-30 23:01:55','adobo-chicken','https://www.allrecipes.com/recipe/45580/grilled-chicken-adobo/',5,'Fan Favorite. Relatively quick and easy to make. Serve with rice and another side.'),
	(80,'Potato & Leek Soup','2022-03-30 23:08:19','2022-03-30 23:08:19','potato-&-leek-soup','https://www.foodandwine.com/recipes/potato-and-leek-soup',5,'Hearty soup. Not super creamy - a good mix of broth / cream.'),
	(81,'Potato & Leek Soup','2022-03-30 23:08:40','2022-03-30 23:08:40','potato-&-leek-soup','https://www.foodandwine.com/recipes/potato-and-leek-soup',5,'Hearty soup. Not super creamy - a good mix of broth / cream.'),
	(82,'Akuri (Breakfast)','2022-04-02 15:16:04','2022-04-02 15:16:04','akuri-(breakfast)','https://www.deliciousmagazine.co.uk/recipes/dishoom-akuri-scrambled-eggs/',1,'From the dishoom cookbook'),
	(83,'Lamb Salli Boti','2022-04-02 15:19:45','2022-04-02 15:19:45','lamb-salli-boti','http://www.athomewithfj.com/Lamb-Sali-Boti.html',1,'From the dishoom cookbook'),
	(84,'Lamb Samosas','2022-04-02 15:25:07','2022-04-02 15:25:07','lamb-samosas','',1,'From the dishoom cookbook'),
	(85,'Lamb Chops (dishoom)','2022-04-02 15:32:05','2022-04-02 15:32:05','lamb-chops-(dishoom)','',1,'Dishoom Cookbook'),
	(86,'Gunpowder Potatoes','2022-04-02 15:37:31','2022-04-02 15:37:31','gunpowder-potatoes','',1,'Dishoom Cookbook'),
	(87,'Brisket Tacos','2022-04-02 15:44:55','2022-04-02 15:44:55','brisket-tacos','',1,'From the Comida Mexicana book'),
	(88,'Beef Stir Fry','2022-06-01 12:41:20','2022-06-01 12:41:20','beef-stir-fry','',1,''),
	(89,'Porchetta w/ Salsa Verde','2022-06-01 12:55:39','2022-06-01 12:55:39','porchetta-w/-salsa-verde','https://basicswithbabish.co/basicsepisodes/porchetta',1,''),
	(90,'','2022-06-24 10:59:43','2022-06-24 10:59:43','','',6,''),
	(91,'','2022-06-24 10:59:44','2022-06-24 10:59:44','','',6,''),
	(92,'','2022-06-24 10:59:45','2022-06-24 10:59:45','','',6,''),
	(93,'Chamonix Salad','2022-08-07 10:52:21','2022-08-07 10:52:21','chamonix-salad','',1,''),
	(94,'Spicy Sausage Rice','2022-11-20 11:19:28','2022-11-20 11:19:28','spicy-sausage-rice','https://www.aglugofoil.com/2012/10/spicy-sausage-rice-recipe-gordon-ramsay.html',1,'Youtube video here https://www.youtube.com/watch?v=wUeydjmhXew&t=442s'),
	(98,'Lamb Hotpot ','2022-11-20 12:41:01','2022-11-20 12:41:01','lamb-hotpot-','',1,'It\'s from the Pie Room cookbook'),
	(99,'Golabki','2023-01-14 14:38:49','2023-01-14 14:38:49','golabki','https://aniagotuje.pl/przepis/golabki-bez-zawijania',1,''),
	(100,'Kale, Pea and Walnut Pesto Pasta','2023-03-05 13:36:26','2023-03-05 13:36:26','kale,-pea-and-walnut-pesto-pasta','https://www.waitrose.com/ecom/recipe/wholewheat-pasta-with-kale-pea-and-walnut-pesto',1,''),
	(101,'Chermoula Meatballs','2023-03-05 13:39:27','2023-03-05 13:39:27','chermoula-meatballs','https://www.waitrose.com/ecom/recipe/chermoula-meatballs',1,''),
	(102,'Sri Lankan Veg Hash','2023-03-05 13:42:51','2023-03-05 13:42:51','sri-lankan-veg-hash','https://www.waitrose.com/ecom/recipe/sri-lankan-style-veg-hash',1,''),
	(106,'Okra Fries','2023-03-05 13:48:43','2023-03-05 13:48:43','okra-fries','https://foodism.co.uk/recipes/make-dishoom-okra-fries/',1,''),
	(107,'Oven Baked Ribs','2023-04-04 09:34:59','2023-04-04 09:34:59','oven-baked-ribs','https://homeisakitchen.com/2013/07/18/dry-rubbed-fall-off-the-bone-beef-ribs-in-the-oven/',1,''),
	(108,'Black Daal','2023-04-15 14:54:29','2023-04-15 14:54:29','black-daal','Dishoom',1,''),
	(109,'Chorizo and Tomato Rice','2023-06-18 14:55:15','2023-06-18 14:55:15','chorizo-and-tomato-rice','https://www.waitrose.com/ecom/recipe/tomato-rice-with-chorizo-smoked-paprika',1,'');

/*!40000 ALTER TABLE `recipe` ENABLE KEYS */;
UNLOCK TABLES;


# Dump of table unit
# ------------------------------------------------------------

DROP TABLE IF EXISTS `unit`;

CREATE TABLE `unit` (
  `id` int(11) NOT NULL AUTO_INCREMENT COMMENT 'primary key',
  `name` varchar(255) NOT NULL,
  `created_at` datetime NOT NULL DEFAULT CURRENT_TIMESTAMP,
  `updated_at` datetime NOT NULL DEFAULT CURRENT_TIMESTAMP ON UPDATE CURRENT_TIMESTAMP,
  PRIMARY KEY (`id`)
) ENGINE=InnoDB DEFAULT CHARSET=latin1;

LOCK TABLES `unit` WRITE;
/*!40000 ALTER TABLE `unit` DISABLE KEYS */;

INSERT INTO `unit` (`id`, `name`, `created_at`, `updated_at`)
VALUES
	(1,'','2020-06-08 20:00:42','2020-06-08 20:00:42'),
	(2,'gram','2020-06-08 20:29:26','2020-06-08 20:29:26'),
	(3,'kilogram','2020-06-08 20:31:59','2020-06-08 20:31:59'),
	(4,'clove','2020-06-08 20:35:45','2020-06-08 20:35:45'),
	(5,'tablespoon','2020-06-08 20:35:58','2020-06-11 22:26:19'),
	(6,'millilitre','2020-06-08 20:36:08','2020-06-11 22:25:49'),
	(7,'litre','2020-06-11 22:24:17','2020-06-11 22:24:17'),
	(8,'teaspoon','2020-06-11 22:26:07','2020-06-11 22:26:07'),
	(9,'tin','2020-06-11 22:26:49','2020-06-11 22:26:49'),
	(10,'pinch','2020-06-11 22:26:52','2020-06-11 22:26:52'),
	(11,'packet','2020-06-11 22:27:17','2020-06-11 22:27:17'),
	(12,'bottle','2020-06-11 22:27:31','2020-06-11 22:27:31'),
	(13,'slice','2020-06-20 12:14:23','2020-06-20 12:14:23');

/*!40000 ALTER TABLE `unit` ENABLE KEYS */;
UNLOCK TABLES;


# Dump of table user
# ------------------------------------------------------------

DROP TABLE IF EXISTS `user`;

CREATE TABLE `user` (
  `id` varchar(255) NOT NULL COMMENT 'auth0 id',
  `name` varchar(255) DEFAULT NULL,
  `email` varchar(255) DEFAULT NULL,
  `created_at` datetime NOT NULL DEFAULT CURRENT_TIMESTAMP,
  `updated_at` datetime NOT NULL DEFAULT CURRENT_TIMESTAMP ON UPDATE CURRENT_TIMESTAMP,
  `last_logged_in_at` datetime DEFAULT CURRENT_TIMESTAMP ON UPDATE CURRENT_TIMESTAMP,
  PRIMARY KEY (`id`)
) ENGINE=InnoDB DEFAULT CHARSET=utf8;

LOCK TABLES `user` WRITE;
/*!40000 ALTER TABLE `user` DISABLE KEYS */;

INSERT INTO `user` (`id`, `name`, `email`, `created_at`, `updated_at`, `last_logged_in_at`)
VALUES
	('google-oauth2|100071246725222895078','Ian Feather','info@ianfeather.co.uk','2021-12-19 17:09:02','2023-06-18 14:43:50','2023-06-18 14:43:50'),
	('google-oauth2|100337785987015262344','Ian Feather','ian.feather@buzzfeed.com','2021-12-19 16:54:37','2023-06-19 12:36:03','2023-06-19 12:36:03'),
	('google-oauth2|109240573072311791298','Liam Tiernan','liamptiernan@gmail.com','2022-03-30 16:30:08','2022-03-30 16:30:08','2022-03-30 16:30:08'),
	('google-oauth2|110874430016251422659','Anna Feather','annafeather4@gmail.com','2021-12-21 11:52:45','2023-06-18 13:09:05','2023-06-18 13:09:05'),
	('google-oauth2|115467646032264669493','Jack Ussher-Smith','gnomekebab@googlemail.com','2022-03-30 16:21:29','2022-03-30 16:21:29','2022-03-30 16:21:29'),
	('google-oauth2|118216079355181164196','Jack Ussher-Smith','usshersmithj@gmail.com','2022-06-24 10:58:10','2022-06-24 10:58:10','2022-06-24 10:58:10');

/*!40000 ALTER TABLE `user` ENABLE KEYS */;
UNLOCK TABLES;



/*!40111 SET SQL_NOTES=@OLD_SQL_NOTES */;
/*!40101 SET SQL_MODE=@OLD_SQL_MODE */;
/*!40014 SET FOREIGN_KEY_CHECKS=@OLD_FOREIGN_KEY_CHECKS */;
/*!40101 SET CHARACTER_SET_CLIENT=@OLD_CHARACTER_SET_CLIENT */;
/*!40101 SET CHARACTER_SET_RESULTS=@OLD_CHARACTER_SET_RESULTS */;
/*!40101 SET COLLATION_CONNECTION=@OLD_COLLATION_CONNECTION */;
